,Link,Defense_Games,Solo_Tackles,Assisted_Tackles,Ttl_Tackles,Loss,Sacks,Defensive_Interceptions,Def_Int_Yds,Yds_per_Int,Pick_6,Defended_Passes,Recovered_Fumbles,Rec_Fumbles_Yds,Fumbles_Returned_TD,Forced_Fumbles,Passing_Games,Completions,Pass_Attempts,Completion_Percent,Pass_Yards,Pass_Yds_per_Attempt,Adj_Pass_Yds_per_Attempt,Pass_TDs,Pass_Interceptions,Passer_Rating,Rushing/Receiving_Games,Rush_Attempts,Rush_Yds,Rush_Yds_per_Attempt,Rush_TDs,Receptions,Rec_Yds,Rec_Yds_per_Reception,Rec_TDs,Plays_from_Scrimmage,Scrimmage_Yds,Scrimmage_Yds_per_Attempt,Scrimmage_TDs,Kicking_Games,XP_Made,XP_Attempts,XP_Percent,FG_Made,FG_Attempts,FG_Percent,TTL_Kicking_Points,#Punts,Punt_Yds,Yds_per_Punt,PuntRet_Games,Punt_Returns,Punt_Return_Yds,Yrds_per_Return,Punt_Returned_for_TD,Kickoff_Returns,KO_Return_Yds,Yds_per_KO_Return,KO_Returned_for_TD,Scoring_Games,TD_Other,Ttl_TDs,2PT_Converstions,Safety,TTL_Points
0,https://www.sports-reference.com/cfb/players/jonathan-adams-jr-1.html,10,1,0,1,0.0,0.0,0,0,,0,0,0,,,0,0,0,0,0,0,0,0,0,0,0,0,0,0,0,0,0,0,0,0,0,0,0,0,0,0,0,0,0,0,0,0,0,0,0,0,0,0,0,0,0,0,0,0,10,,12,,,72
1,https://www.sports-reference.com/cfb/players/paulson-adebo-1.html,,,,,,,,,,,,,,,,0,0,0,0,0,0,0,0,0,0,0,0,0,0,0,0,0,0,0,0,0,0,0,0,0,0,0,0,0,0,0,0,0,0,0,0,0,0,0,0,0,0,0,0,0,0,0,0,0
2,https://www.sports-reference.com/cfb/players/giles-amos-1.html,8,0,1,1,0.0,0.0,0,0,,0,0,0,,,0,0,0,0,0,0,0,0,0,0,0,0,0,0,0,0,0,0,0,0,0,0,0,0,0,0,0,0,0,0,0,0,0,0,0,0,0,0,0,0,0,0,0,0,8,,2,,,12
3,https://www.sports-reference.com/cfb/players/zayne-anderson-1.html,11,24,17,41,0.0,0.0,0,0,,0,2,0,,,0,0,0,0,0,0,0,0,0,0,0,0,0,0,0,0,0,0,0,0,0,0,0,0,0,0,0,0,0,0,0,0,0,0,0,0,0,0,0,0,0,0,0,0,0,0,0,0,0,0
4,https://www.sports-reference.com/cfb/players/otis-anderson-1.html,9,1,0,1,0.0,0.0,0,0,,0,0,0,,,0,0,0,0,0,0,0,0,0,0,0,9,125,687,5.5,4,14,79,5.6,0,139,766,5.5,4,0,0,0,0,0,0,0,0,0,0,0,9,3,23,7.7,0,0,0,,0,9,,4,,,24
5,https://www.sports-reference.com/cfb/players/jack-anderson-3.html,0,0,0,0,0,0,0,0,0,0,0,0,0,0,0,0,0,0,0,0,0,0,0,0,0,0,0,0,0,0,0,0,0,0,0,0,0,0,0,0,0,0,0,0,0,0,0,0,0,0,0,0,0,0,0,0,0,0,0,0,0,0,0,0
6,https://www.sports-reference.com/cfb/players/dan-archibong-1.html,7,12,9,21,3.5,2.0,0,0,,0,0,1,,,0,0,0,0,0,0,0,0,0,0,0,0,0,0,0,0,0,0,0,0,0,0,0,0,0,0,0,0,0,0,0,0,0,0,0,0,0,0,0,0,0,0,0,0,0,0,0,0,0,0
7,https://www.sports-reference.com/cfb/players/jaytlin-askew-1.html,1,1,0,1,1.0,0.0,0,0,,0,0,0,,,0,0,0,0,0,0,0,0,0,0,0,0,0,0,0,0,0,0,0,0,0,0,0,0,0,0,0,0,0,0,0,0,0,0,0,0,0,0,0,0,0,0,0,0,0,0,0,0,0,0
8,https://www.sports-reference.com/cfb/players/chatarius-atwell-1.html,9,1,0,1,0.0,0.0,0,0,,0,0,0,,,0,9,0,0,,0,,,0,0,,0,0,0,0,0,0,0,0,0,0,0,0,0,0,0,0,0,0,0,0,0,0,0,0,9,0,0,,0,0,0,,0,9,,8,,,48
9,https://www.sports-reference.com/cfb/players/kayode-awosika-1.html,,,,,,,,,,,,,,,,0,0,0,0,0,0,0,0,0,0,0,0,0,0,0,0,0,0,0,0,0,0,0,0,0,0,0,0,0,0,0,0,0,0,0,0,0,0,0,0,0,0,0,0,0,0,0,0,0
10,https://www.sports-reference.com/cfb/players/kawaan-baker-1.html,10,2,0,2,0.0,0.0,0,0,,0,0,0,,,0,0,0,0,0,0,0,0,0,0,0,0,0,0,0,0,0,0,0,0,0,0,0,0,0,0,0,0,0,0,0,0,0,0,0,0,0,0,0,0,0,0,0,0,10,,8,,,48
11,https://www.sports-reference.com/cfb/players/josh-ball-1.html,0,0,0,0,0,0,0,0,0,0,0,0,0,0,0,0,0,0,0,0,0,0,0,0,0,0,0,0,0,0,0,0,0,0,0,0,0,0,0,0,0,0,0,0,0,0,0,0,0,0,0,0,0,0,0,0,0,0,0,0,0,0,0,0
12,https://www.sports-reference.com/cfb/players/aaron-banks-4.html,0,0,0,0,0,0,0,0,0,0,0,0,0,0,0,0,0,0,0,0,0,0,0,0,0,0,0,0,0,0,0,0,0,0,0,0,0,0,0,0,0,0,0,0,0,0,0,0,0,0,0,0,0,0,0,0,0,0,0,0,0,0,0,0
13,https://www.sports-reference.com/cfb/players/cole-banwart-1.html,0,0,0,0,0,0,0,0,0,0,0,0,0,0,0,0,0,0,0,0,0,0,0,0,0,0,0,0,0,0,0,0,0,0,0,0,0,0,0,0,0,0,0,0,0,0,0,0,0,0,0,0,0,0,0,0,0,0,0,0,0,0,0,0
14,https://www.sports-reference.com/cfb/players/christian-barmore-1.html,11,22,15,37,9.5,8.0,0,0,,0,3,0,,,3,0,0,0,0,0,0,0,0,0,0,0,0,0,0,0,0,0,0,0,0,0,0,0,0,0,0,0,0,0,0,0,0,0,0,0,0,0,0,0,0,0,0,0,0,0,0,0,0,0
15,https://www.sports-reference.com/cfb/players/derrick-barnes-2.html,6,40,14,54,5.5,0.0,1,9,9.0,0,1,0,,,0,0,0,0,0,0,0,0,0,0,0,0,0,0,0,0,0,0,0,0,0,0,0,0,0,0,0,0,0,0,0,0,0,0,0,0,0,0,0,0,0,0,0,0,0,0,0,0,0,0
16,https://www.sports-reference.com/cfb/players/carlos-basham-jr-1.html,6,20,8,28,4.5,5.0,0,0,,0,1,0,,,4,0,0,0,0,0,0,0,0,0,0,0,0,0,0,0,0,0,0,0,0,0,0,0,0,0,0,0,0,0,0,0,0,0,0,0,0,0,0,0,0,0,0,0,6,,,,,0
17,https://www.sports-reference.com/cfb/players/rashod-bateman-1.html,5,0,0,0,0.0,0.0,0,0,,0,0,0,,,0,0,0,0,0,0,0,0,0,0,0,0,0,0,0,0,0,0,0,0,0,0,0,0,0,0,0,0,0,0,0,0,0,0,0,0,0,0,0,0,0,0,0,0,5,,2,,,12
18,https://www.sports-reference.com/cfb/players/john-bates-1.html,3,0,0,0,0.0,0.0,0,0,,0,0,0,,,0,0,0,0,0,0,0,0,0,0,0,0,0,0,0,0,0,0,0,0,0,0,0,0,0,0,0,0,0,0,0,0,0,0,0,0,0,0,0,0,0,0,0,0,3,,,,,0
19,https://www.sports-reference.com/cfb/players/adam-bay-1.html,2,1,0,1,0.0,0.0,0,0,,0,0,1,,,0,0,0,0,0,0,0,0,0,0,0,0,0,0,0,0,0,0,0,0,0,0,0,0,0,0,0,0,0,0,0,0,0,0,0,0,0,0,0,0,0,0,0,0,0,0,0,0,0,0
20,https://www.sports-reference.com/cfb/players/tavante-beckett-1.html,9,31,59,90,7.5,2.5,0,0,,0,1,4,,1,2,0,0,0,0,0,0,0,0,0,0,0,0,0,0,0,0,0,0,0,0,0,0,0,0,0,0,0,0,0,0,0,0,0,0,0,0,0,0,0,0,0,0,0,9,0,1,,,6
21,https://www.sports-reference.com/cfb/players/chase-behrndt-1.html,0,0,0,0,0,0,0,0,0,0,0,0,0,0,0,0,0,0,0,0,0,0,0,0,0,0,0,0,0,0,0,0,0,0,0,0,0,0,0,0,0,0,0,0,0,0,0,0,0,0,0,0,0,0,0,0,0,0,0,0,0,0,0,0
22,https://www.sports-reference.com/cfb/players/shaun-beyer-1.html,7,0,0,0,0.0,0.0,0,0,,0,0,0,,,0,0,0,0,0,0,0,0,0,0,0,0,0,0,0,0,0,0,0,0,0,0,0,0,0,0,0,0,0,0,0,0,0,0,0,7,0,0,,0,0,0,,0,7,,1,,,6
23,https://www.sports-reference.com/cfb/players/tarik-black-1.html,0,0,0,0,0,0,0,0,0,0,0,0,0,0,0,0,0,0,0,0,0,0,0,0,0,0,0,0,0,0,0,0,0,0,0,0,0,0,0,0,0,0,0,0,0,0,0,0,0,0,0,0,0,0,0,0,0,0,6,,1,,,6
24,https://www.sports-reference.com/cfb/players/josh-blancato-1.html,4,4,2,6,0.0,0.0,0,0,,0,0,0,,,0,0,0,0,0,0,0,0,0,0,0,0,0,0,0,0,0,0,0,0,0,0,0,0,0,0,0,0,0,0,0,0,0,0,0,4,2,7,3.5,0,0,0,,0,0,0,0,0,0,0
25,https://www.sports-reference.com/cfb/players/joshuah-bledsoe-1.html,10,24,17,41,2.5,0.0,1,0,0.0,0,6,1,,,1,0,0,0,0,0,0,0,0,0,0,0,0,0,0,0,0,0,0,0,0,0,0,0,0,0,0,0,0,0,0,0,0,0,0,0,0,0,0,0,0,0,0,0,10,,,,,0
26,https://www.sports-reference.com/cfb/players/quinton-bohanna-1.html,7,3,7,10,2.5,0.0,0,0,,0,2,0,,,0,0,0,0,0,0,0,0,0,0,0,0,0,0,0,0,0,0,0,0,0,0,0,0,0,0,0,0,0,0,0,0,0,0,0,0,0,0,0,0,0,0,0,0,0,0,0,0,0,0
27,https://www.sports-reference.com/cfb/players/nick-bolton-1.html,10,53,42,95,8.0,2.0,0,0,,0,5,1,,,0,0,0,0,0,0,0,0,0,0,0,0,0,0,0,0,0,0,0,0,0,0,0,0,0,0,0,0,0,0,0,0,0,0,0,0,0,0,0,0,0,0,0,0,10,,,,,0
28,https://www.sports-reference.com/cfb/players/ian-book-1.html,12,0,0,0,0.0,0.0,0,0,,0,0,0,,,0,12,228,353,64.6,2830,8.0,8.5,15,3,144.3,12,116,485,4.2,9,0,0,,0,116,485,4.2,9,0,0,0,0,0,0,0,0,0,0,0,0,0,0,0,0,0,0,0,0,12,,9,,,54
29,https://www.sports-reference.com/cfb/players/dicaprio-bootle-1.html,8,16,9,25,0.5,0.0,1,2,2.0,0,5,0,,,0,0,0,0,0,0,0,0,0,0,0,0,0,0,0,0,0,0,0,0,0,0,0,0,0,0,0,0,0,0,0,0,0,0,0,0,0,0,0,0,0,0,0,0,0,0,0,0,0,0
30,https://www.sports-reference.com/cfb/players/tuf-borland-1.html,7,22,26,48,3.5,1.5,1,0,0.0,0,1,0,,,0,0,0,0,0,0,0,0,0,0,0,0,0,0,0,0,0,0,0,0,0,0,0,0,0,0,0,0,0,0,0,0,0,0,0,0,0,0,0,0,0,0,0,0,0,0,0,0,0,0
31,https://www.sports-reference.com/cfb/players/larry-borom-1.html,0,0,0,0,0,0,0,0,0,0,0,0,0,0,0,0,0,0,0,0,0,0,0,0,0,0,0,0,0,0,0,0,0,0,0,0,0,0,0,0,0,0,0,0,0,0,0,0,0,0,0,0,0,0,0,0,0,0,0,0,0,0,0,0
32,https://www.sports-reference.com/cfb/players/rakeem-boyd-2.html,6,0,0,0,0.0,0.0,0,0,,0,0,0,,,0,6,0,0,,0,,,0,0,,6,82,309,3.8,3,10,33,3.3,0,92,342,3.7,3,0,0,0,0,0,0,0,0,0,0,0,0,0,0,0,0,0,0,0,0,6,,3,,,18
33,https://www.sports-reference.com/cfb/players/michael-boykin-1.html,6,4,5,9,0.5,0.0,0,0,,0,0,0,,,0,0,0,0,0,0,0,0,0,0,0,0,0,0,0,0,0,0,0,0,0,0,0,0,0,0,0,0,0,0,0,0,0,0,0,0,0,0,0,0,0,0,0,0,0,0,0,0,0,0
34,https://www.sports-reference.com/cfb/players/william-bradley-king-1.html,9,20,11,31,5.5,3.5,0,0,,0,4,0,,,1,0,0,0,0,0,0,0,0,0,0,0,0,0,0,0,0,0,0,0,0,0,0,0,0,0,0,0,0,0,0,0,0,0,0,0,0,0,0,0,0,0,0,0,0,0,0,0,0,0
35,https://www.sports-reference.com/cfb/players/brady-breeze-1.html,,,,,,,,,,,,,,,,0,0,0,0,0,0,0,0,0,0,0,0,0,0,0,0,0,0,0,0,0,0,0,0,0,0,0,0,0,0,0,0,0,0,0,0,0,0,0,0,0,0,0,,,,,,0
36,https://www.sports-reference.com/cfb/players/gary-brightwell-1.html,5,1,0,1,0.0,0.0,0,0,,0,0,0,,,0,0,0,0,0,0,0,0,0,0,0,5,88,390,4.4,1,13,53,4.1,0,101,443,4.4,1,0,0,0,0,0,0,0,0,0,0,0,0,0,0,0,0,0,0,0,0,5,,1,,,6
37,https://www.sports-reference.com/cfb/players/kj-britt-1.html,2,9,14,23,1.0,0.0,0,0,,0,0,0,,,0,0,0,0,0,0,0,0,0,0,0,0,0,0,0,0,0,0,0,0,0,0,0,0,0,0,0,0,0,0,0,0,0,0,0,0,0,0,0,0,0,0,0,0,0,0,0,0,0,0
38,https://www.sports-reference.com/cfb/players/josiah-bronson-1.html,4,3,5,8,0.5,0.0,0,0,,0,0,1,,,0,0,0,0,0,0,0,0,0,0,0,0,0,0,0,0,0,0,0,0,0,0,0,0,0,0,0,0,0,0,0,0,0,0,0,0,0,0,0,0,0,0,0,0,0,0,0,0,0,0
39,https://www.sports-reference.com/cfb/players/amon-ra-st-brown-1.html,6,0,1,1,0.0,0.0,0,0,,0,0,0,,,0,0,0,0,0,0,0,0,0,0,0,0,0,0,0,0,0,0,0,0,0,0,0,0,0,0,0,0,0,0,0,0,0,0,0,6,6,32,5.3,0,2,43,21.5,0,6,,7,,,42
40,https://www.sports-reference.com/cfb/players/chris-brown-18.html,9,42,4,46,2.0,0.0,1,22,22.0,0,7,1,,,1,0,0,0,0,0,0,0,0,0,0,0,0,0,0,0,0,0,0,0,0,0,0,0,0,0,0,0,0,0,0,0,0,0,0,0,0,0,0,0,0,0,0,0,0,0,0,0,0,0
41,https://www.sports-reference.com/cfb/players/dyami-brown-1.html,11,1,0,1,0.0,0.0,0,0,,0,0,0,,,0,11,0,0,,0,,,0,0,,0,0,0,0,0,0,0,0,0,0,0,0,0,0,0,0,0,0,0,0,0,0,0,0,0,0,0,0,0,0,0,0,0,11,,8,,,48
42,https://www.sports-reference.com/cfb/players/earnest-brown-iv-1.html,9,23,9,32,8.5,1.0,0,0,,0,4,1,,,0,0,0,0,0,0,0,0,0,0,0,0,0,0,0,0,0,0,0,0,0,0,0,0,0,0,0,0,0,0,0,0,0,0,0,0,0,0,0,0,0,0,0,0,9,,,,,0
43,https://www.sports-reference.com/cfb/players/kimere-brown-1.html,3,2,0,2,0.0,0.0,0,0,,0,2,0,,,0,0,0,0,0,0,0,0,0,0,0,0,0,0,0,0,0,0,0,0,0,0,0,0,0,0,0,0,0,0,0,0,0,0,0,0,0,0,0,0,0,0,0,0,0,0,0,0,0,0
44,https://www.sports-reference.com/cfb/players/shakur-brown-1.html,7,19,6,25,0.0,0.0,5,107,21.4,0,4,0,,,0,0,0,0,0,0,0,0,0,0,0,0,0,0,0,0,0,0,0,0,0,0,0,0,0,0,0,0,0,0,0,0,0,0,0,7,0,0,,0,0,0,,0,7,,,,,0
45,https://www.sports-reference.com/cfb/players/tre-brown-2.html,10,25,6,31,1.0,0.0,3,0,0.0,0,6,0,,,0,0,0,0,0,0,0,0,0,0,0,0,0,0,0,0,0,0,0,0,0,0,0,0,0,0,0,0,0,0,0,0,0,0,0,0,0,0,0,0,0,0,0,0,0,0,0,0,0,0
46,https://www.sports-reference.com/cfb/players/deonte-brown-1.html,0,0,0,0,0,0,0,0,0,0,0,0,0,0,0,0,0,0,0,0,0,0,0,0,0,0,0,0,0,0,0,0,0,0,0,0,0,0,0,0,0,0,0,0,0,0,0,0,0,0,0,0,0,0,0,0,0,0,0,0,0,0,0,0
47,https://www.sports-reference.com/cfb/players/baron-browning-1.html,7,20,9,29,3.0,1.0,0,0,,0,2,2,,,2,0,0,0,0,0,0,0,0,0,0,0,0,0,0,0,0,0,0,0,0,0,0,0,0,0,0,0,0,0,0,0,0,0,0,0,0,0,0,0,0,0,0,0,0,0,0,0,0,0
48,https://www.sports-reference.com/cfb/players/john-brunner-2.html,0,0,0,0,0,0,0,0,0,0,0,0,0,0,0,0,0,0,0,0,0,0,0,0,0,0,0,0,0,0,0,0,0,0,0,0,0,0,0,0,0,0,0,0,0,0,0,0,0,0,0,0,0,0,0,0,0,0,0,0,0,0,0,0
49,https://www.sports-reference.com/cfb/players/calvin-bundage-1.html,10,12,8,20,8.5,7.5,0,0,,0,1,0,,,0,0,0,0,0,0,0,0,0,0,0,0,0,0,0,0,0,0,0,0,0,0,0,0,0,0,0,0,0,0,0,0,0,0,0,0,0,0,0,0,0,0,0,0,0,0,0,0,0,0
50,https://www.sports-reference.com/cfb/players/lorenzo-burns-1.html,5,16,8,24,2.0,0.0,0,0,,0,1,1,,,0,0,0,0,0,0,0,0,0,0,0,0,0,0,0,0,0,0,0,0,0,0,0,0,0,0,0,0,0,0,0,0,0,0,0,0,0,0,0,0,0,0,0,0,0,0,0,0,0,0
51,https://www.sports-reference.com/cfb/players/eric-burrell-1.html,7,18,5,23,2.0,0.0,1,0,0.0,0,2,0,,,0,0,0,0,0,0,0,0,0,0,0,0,0,0,0,0,0,0,0,0,0,0,0,0,0,0,0,0,0,0,0,0,0,0,0,0,0,0,0,0,0,0,0,0,0,0,0,0,0,0
52,https://www.sports-reference.com/cfb/players/wesley-burris-1.html,0,0,0,0,0,0,0,0,0,0,0,0,0,0,0,0,0,0,0,0,0,0,0,0,0,0,0,0,0,0,0,0,0,0,0,0,0,0,0,0,0,0,0,0,0,0,0,0,0,0,0,0,0,0,0,0,0,0,0,0,0,0,0,0
53,https://www.sports-reference.com/cfb/players/jake-burton-1.html,,,,,,,,,,,,,,,,0,0,0,0,0,0,0,0,0,0,0,0,0,0,0,0,0,0,0,0,0,0,0,0,0,0,0,0,0,0,0,0,0,0,0,0,0,0,0,0,0,0,0,0,0,0,0,0,0
54,https://www.sports-reference.com/cfb/players/camryn-bynum-1.html,4,14,5,19,2.0,0.0,1,20,20.0,0,2,0,,,0,0,0,0,0,0,0,0,0,0,0,0,0,0,0,0,0,0,0,0,0,0,0,0,0,0,0,0,0,0,0,0,0,0,0,0,0,0,0,0,0,0,0,0,0,0,0,0,0,0
55,https://www.sports-reference.com/cfb/players/jalen-camp-1.html,0,0,0,0,0,0,0,0,0,0,0,0,0,0,0,0,0,0,0,0,0,0,0,0,0,0,0,0,0,0,0,0,0,0,0,0,0,0,0,0,0,0,0,0,0,0,0,0,0,0,0,0,0,0,0,0,0,0,9,,4,,,24
56,https://www.sports-reference.com/cfb/players/tyson-campbell-1.html,10,20,9,29,2.5,0.0,1,40,40.0,0,5,0,,,0,0,0,0,0,0,0,0,0,0,0,0,0,0,0,0,0,0,0,0,0,0,0,0,0,0,0,0,0,0,0,0,0,0,0,0,0,0,0,0,0,0,0,0,10,,,,,0
57,https://www.sports-reference.com/cfb/players/kyree-campbell-1.html,7,3,21,24,2.5,1.5,0,0,,0,0,0,,,0,0,0,0,0,0,0,0,0,0,0,0,0,0,0,0,0,0,0,0,0,0,0,0,0,0,0,0,0,0,0,0,0,0,0,0,0,0,0,0,0,0,0,0,0,0,0,0,0,0
58,https://www.sports-reference.com/cfb/players/donavaughn-campbell-1.html,1,0,1,1,0.0,0.0,0,0,,0,0,0,,,0,0,0,0,0,0,0,0,0,0,0,0,0,0,0,0,0,0,0,0,0,0,0,0,0,0,0,0,0,0,0,0,0,0,0,0,0,0,0,0,0,0,0,0,0,0,0,0,0,0
59,https://www.sports-reference.com/cfb/players/joseph-carlson-1.html,5,0,4,4,0.0,0.0,0,0,,0,0,0,,,0,0,0,0,0,0,0,0,0,0,0,0,0,0,0,0,0,0,0,0,0,0,0,0,0,0,0,0,0,0,0,0,0,0,0,0,0,0,0,0,0,0,0,0,0,0,0,0,0,0
60,https://www.sports-reference.com/cfb/players/jackson-carman-1.html,,,,,,,,,,,,,,,,0,0,0,0,0,0,0,0,0,0,0,0,0,0,0,0,0,0,0,0,0,0,0,0,0,0,0,0,0,0,0,0,0,0,0,0,0,0,0,0,0,0,0,0,0,0,0,0,0
61,https://www.sports-reference.com/cfb/players/michael-carter-5.html,0,0,0,0,0,0,0,0,0,0,0,0,0,0,0,0,0,0,0,0,0,0,0,0,0,11,156,1245,8.0,9,25,267,10.7,2,181,1512,8.4,11,0,0,0,0,0,0,0,0,0,0,0,0,0,0,0,0,0,0,0,0,11,,11,,,66
62,https://www.sports-reference.com/cfb/players/tory-carter-1.html,4,0,2,2,0.0,0.0,0,0,,0,0,0,,,0,0,0,0,0,0,0,0,0,0,0,0,0,0,0,0,0,0,0,0,0,0,0,0,0,0,0,0,0,0,0,0,0,0,0,4,0,0,,0,0,0,,0,4,,,,,0
63,https://www.sports-reference.com/cfb/players/jc-chalk-1.html,6,0,0,0,0.0,0.0,0,0,,0,0,0,,,0,0,0,0,0,0,0,0,0,0,0,0,0,0,0,0,0,0,0,0,0,0,0,0,0,0,0,0,0,0,0,0,0,0,0,0,0,0,0,0,0,0,0,0,6,,1,,,6
64,https://www.sports-reference.com/cfb/players/jamarr-chase-1.html,,,,,,,,,,,,,,,,0,0,0,0,0,0,0,0,0,0,0,0,0,0,0,0,0,0,0,0,0,0,0,0,0,0,0,0,0,0,0,0,0,0,0,0,0,0,0,0,0,0,0,,,,,,0
65,https://www.sports-reference.com/cfb/players/ramaud-chiaokhiao-bowman-1.html,8,1,0,1,0.0,0.0,0,0,,0,0,0,,,0,0,0,0,0,0,0,0,0,0,0,0,0,0,0,0,0,0,0,0,0,0,0,0,0,0,0,0,0,0,0,0,0,0,0,0,0,0,0,0,0,0,0,0,8,,5,,,30
66,https://www.sports-reference.com/cfb/players/dru-chrisman-1.html,0,0,0,0,0,0,0,0,0,0,0,0,0,0,0,7,0,0,,0,,,0,0,,0,0,0,0,0,0,0,0,0,0,0,0,0,0,0,0,0,0,0,0,0,0,0,0,0,0,0,0,0,0,0,0,0,0,0,0,0,0,0
67,https://www.sports-reference.com/cfb/players/brady-christensen-1.html,0,0,0,0,0,0,0,0,0,0,0,0,0,0,0,0,0,0,0,0,0,0,0,0,0,,,,,,,,,,0,0,,0,0,0,0,0,0,0,0,0,0,0,0,0,0,0,0,0,0,0,0,0,0,0,0,0,0,0
68,https://www.sports-reference.com/cfb/players/andre-cisco-1.html,2,7,4,11,0.5,0.0,1,29,29.0,0,0,0,,,0,0,0,0,0,0,0,0,0,0,0,0,0,0,0,0,0,0,0,0,0,0,0,0,0,0,0,0,0,0,0,0,0,0,0,0,0,0,0,0,0,0,0,0,2,,,,,0
69,https://www.sports-reference.com/cfb/players/mallory-claybourne-1.html,7,23,14,37,2.0,0.0,1,35,35.0,0,2,0,,,0,0,0,0,0,0,0,0,0,0,0,0,0,0,0,0,0,0,0,0,0,0,0,0,0,0,0,0,0,0,0,0,0,0,0,0,0,0,0,0,0,0,0,0,0,0,0,0,0,0
70,https://www.sports-reference.com/cfb/players/ben-cleveland-2.html,,,,,,,,,,,,,,,,0,0,0,0,0,0,0,0,0,0,0,0,0,0,0,0,0,0,0,0,0,0,0,0,0,0,0,0,0,0,0,0,0,0,0,0,0,0,0,0,0,0,0,0,0,0,0,0,0
71,https://www.sports-reference.com/cfb/players/riley-cole-1.html,10,54,42,96,6.5,2.0,0,0,,0,0,2,,,2,0,0,0,0,0,0,0,0,0,0,0,0,0,0,0,0,0,0,0,0,0,0,0,0,0,0,0,0,0,0,0,0,0,0,0,0,0,0,0,0,0,0,0,0,0,0,0,0,0
72,https://www.sports-reference.com/cfb/players/nico-collins-1.html,,,,,,,,,,,,,,,,0,0,0,0,0,0,0,0,0,0,0,0,0,0,0,0,0,0,0,0,0,0,0,0,0,0,0,0,0,0,0,0,0,0,0,0,0,0,0,0,0,0,0,,,,,,0
73,https://www.sports-reference.com/cfb/players/zaven-collins-1.html,8,36,18,54,7.5,4.0,4,152,38.0,2,2,1,,,2,0,0,0,0,0,0,0,0,0,0,0,0,0,0,0,0,0,0,0,0,0,0,0,0,0,0,0,0,0,0,0,0,0,0,0,0,0,0,0,0,0,0,0,8,,2,,,12
74,https://www.sports-reference.com/cfb/players/nolan-cooney-1.html,11,1,0,1,0.0,0.0,0,0,,0,0,0,,,0,0,0,0,0,0,0,0,0,0,0,0,0,0,0,0,0,0,0,0,0,0,0,0,0,0,0,0,0,0,0,0,0,0,0,0,0,0,0,0,0,0,0,0,0,0,0,0,0,0
75,https://www.sports-reference.com/cfb/players/jonathon-cooper-1.html,8,12,12,24,3.5,3.5,0,0,,0,1,0,,,1,0,0,0,0,0,0,0,0,0,0,0,0,0,0,0,0,0,0,0,0,0,0,0,0,0,0,0,0,0,0,0,0,0,0,0,0,0,0,0,0,0,0,0,0,0,0,0,0,0
76,https://www.sports-reference.com/cfb/players/samuel-cosmi-1.html,,,,,,,,,,,,,,,,0,0,0,0,0,0,0,0,0,0,,,,,,,,,,0,0,,0,0,0,0,0,0,0,0,0,0,0,0,0,0,0,0,0,0,0,0,0,,,,,,0
77,https://www.sports-reference.com/cfb/players/seth-cottengim-1.html,2,2,0,2,0.0,0.0,0,0,,0,0,0,,,0,0,0,0,0,0,0,0,0,0,0,0,0,0,0,0,0,0,0,0,0,0,0,0,0,0,0,0,0,0,0,0,0,0,0,0,0,0,0,0,0,0,0,0,0,0,0,0,0,0
78,https://www.sports-reference.com/cfb/players/jabril-cox-1.html,10,37,21,58,6.5,1.0,3,64,21.3,1,5,1,,,0,0,0,0,0,0,0,0,0,0,0,0,0,0,0,0,0,0,0,0,0,0,0,0,0,0,0,0,0,0,0,0,0,0,0,0,0,0,0,0,0,0,0,0,10,,1,,,6
79,https://www.sports-reference.com/cfb/players/damonte-coxie-1.html,2,0,0,0,0.0,0.0,0,0,,0,0,0,,,0,0,0,0,0,0,0,0,0,0,0,0,0,0,0,0,0,0,0,0,0,0,0,0,0,0,0,0,0,0,0,0,0,0,0,2,0,0,,0,0,0,,0,2,,1,,,6
80,https://www.sports-reference.com/cfb/players/tyler-coyle-1.html,3,10,3,13,0.0,0.0,0,0,,0,1,0,,,0,0,0,0,0,0,0,0,0,0,0,0,0,0,0,0,0,0,0,0,0,0,0,0,0,0,0,0,0,0,0,0,0,0,0,0,0,0,0,0,0,0,0,0,3,,,,,0
81,https://www.sports-reference.com/cfb/players/jack-crane-1.html,3,0,1,1,0.0,0.0,0,0,,0,0,0,,,0,0,0,0,0,0,0,0,0,0,0,0,0,0,0,0,0,0,0,0,0,0,0,0,3,7,7,100.0,0,0,,7,0,0,,0,0,0,0,0,0,0,0,0,3,,,,,7
82,https://www.sports-reference.com/cfb/players/daniel-crawford-1.html,0,0,0,0,0,0,0,0,0,0,0,0,0,0,0,0,0,0,0,0,0,0,0,0,0,0,0,0,0,0,0,0,0,0,0,0,0,0,0,0,0,0,0,0,0,0,0,0,0,0,0,0,0,0,0,0,0,0,6,,1,,,6
83,https://www.sports-reference.com/cfb/players/shaun-crawford-1.html,11,40,17,57,4.5,2.0,1,23,23.0,0,5,1,,,0,0,0,0,0,0,0,0,0,0,0,0,0,0,0,0,0,0,0,0,0,0,0,0,0,0,0,0,0,0,0,0,0,0,0,0,0,0,0,0,0,0,0,0,11,,,,,0
84,https://www.sports-reference.com/cfb/players/harry-crider-1.html,,,,,,,,,,,,,,,,0,0,0,0,0,0,0,0,0,0,0,0,0,0,0,0,0,0,0,0,0,0,0,0,0,0,0,0,0,0,0,0,0,0,0,0,0,0,0,0,0,0,0,0,0,0,0,0,0
85,https://www.sports-reference.com/cfb/players/jake-curhan-1.html,,,,,,,,,,,,,,,,0,0,0,0,0,0,0,0,0,0,0,0,0,0,0,0,0,0,0,0,0,0,0,0,0,0,0,0,0,0,0,0,0,0,0,0,0,0,0,0,0,0,0,0,0,0,0,0,0
86,https://www.sports-reference.com/cfb/players/david-curry-1.html,10,41,43,84,9.0,1.5,0,0,,0,2,1,,,1,0,0,0,0,0,0,0,0,0,0,0,0,0,0,0,0,0,0,0,0,0,0,0,0,0,0,0,0,0,0,0,0,0,0,0,0,0,0,0,0,0,0,0,10,,,,,0
87,https://www.sports-reference.com/cfb/players/drew-dalman-1.html,,,,,,,,,,,,,,,,0,0,0,0,0,0,0,0,0,0,0,0,0,0,0,0,0,0,0,0,0,0,0,0,0,0,0,0,0,0,0,0,0,0,0,0,0,0,0,0,0,0,0,0,0,0,0,0,0
88,https://www.sports-reference.com/cfb/players/dj-daniel-2.html,4,8,1,9,1.0,0.0,0,0,,0,1,0,,,0,0,0,0,0,0,0,0,0,0,0,0,0,0,0,0,0,0,0,0,0,0,0,0,0,0,0,0,0,0,0,0,0,0,0,0,0,0,0,0,0,0,0,0,0,0,0,0,0,0
89,https://www.sports-reference.com/cfb/players/frank-darby-1.html,0,0,0,0,0,0,0,0,0,0,0,0,0,0,0,0,0,0,0,0,0,0,0,0,0,0,0,0,0,0,0,0,0,0,0,0,0,0,0,0,0,0,0,0,0,0,0,0,0,0,0,0,0,0,0,0,0,0,2,,1,,,6
90,https://www.sports-reference.com/cfb/players/jaelon-darden-1.html,9,0,1,1,0.0,0.0,0,0,,0,0,0,,,0,0,0,0,0,0,0,0,0,0,0,0,0,0,0,0,0,0,0,0,0,0,0,0,0,0,0,0,0,0,0,0,0,0,0,9,4,21,5.3,0,0,0,,0,9,,19,,,114
91,https://www.sports-reference.com/cfb/players/corey-dauphine-1.html,,,,,,,,,,,,,,,,0,0,0,0,0,0,0,0,0,0,,,,,,,,,,0,0,,0,0,0,0,0,0,0,0,0,0,0,0,0,0,0,0,0,0,0,0,0,,,,,,0
92,https://www.sports-reference.com/cfb/players/brady-davis-2.html,0,0,0,0,0,0,0,0,0,0,0,0,0,0,0,0,0,0,0,0,0,0,0,0,0,1,1,1,1.0,0,0,0,,0,1,1,1.0,0,0,0,0,0,0,0,0,0,0,0,0,0,0,0,0,0,0,0,0,0,0,0,0,0,0,0
93,https://www.sports-reference.com/cfb/players/wyatt-davis-1.html,0,0,0,0,0,0,0,0,0,0,0,0,0,0,0,0,0,0,0,0,0,0,0,0,0,0,0,0,0,0,0,0,0,0,0,0,0,0,0,0,0,0,0,0,0,0,0,0,0,0,0,0,0,0,0,0,0,0,0,0,0,0,0,0
94,https://www.sports-reference.com/cfb/players/shawn-davis-3.html,7,24,15,39,2.0,0.0,2,45,22.5,0,1,0,,,1,0,0,0,0,0,0,0,0,0,0,0,0,0,0,0,0,0,0,0,0,0,0,0,0,0,0,0,0,0,0,0,0,0,0,0,0,0,0,0,0,0,0,0,0,0,0,0,0,0
95,https://www.sports-reference.com/cfb/players/jamin-davis-1.html,10,48,54,102,4.0,1.5,3,90,30.0,1,2,0,,,1,0,0,0,0,0,0,0,0,0,0,0,0,0,0,0,0,0,0,0,0,0,0,0,0,0,0,0,0,0,0,0,0,0,0,0,0,0,0,0,0,0,0,0,10,,1,,,6
96,https://www.sports-reference.com/cfb/players/divine-deablo-1.html,9,32,23,55,2.0,0.0,4,5,1.3,0,4,0,,,1,0,0,0,0,0,0,0,0,0,0,0,0,0,0,0,0,0,0,0,0,0,0,0,0,0,0,0,0,0,0,0,0,0,0,0,0,0,0,0,0,0,0,0,9,,,,,0
97,https://www.sports-reference.com/cfb/players/bryson-denley-1.html,5,0,0,0,0.0,0.0,0,0,,0,0,0,,,0,0,0,0,0,0,0,0,0,0,0,5,39,146,3.7,0,0,0,,0,39,146,3.7,0,0,0,0,0,0,0,0,0,0,0,0,0,0,0,0,0,0,0,0,0,5,,,,,0
98,https://www.sports-reference.com/cfb/players/jon-dietzen-1.html,,,,,,,,,,,,,,,,0,0,0,0,0,0,0,0,0,0,0,0,0,0,0,0,0,0,0,0,0,0,0,0,0,0,0,0,0,0,0,0,0,0,0,0,0,0,0,0,0,0,0,0,0,0,0,0,0
99,https://www.sports-reference.com/cfb/players/victor-dimukeje-1.html,11,22,17,39,8.0,7.5,0,0,,0,1,1,,,2,0,0,0,0,0,0,0,0,0,0,0,0,0,0,0,0,0,0,0,0,0,0,0,0,0,0,0,0,0,0,0,0,0,0,0,0,0,0,0,0,0,0,0,0,0,0,0,0,0
100,https://www.sports-reference.com/cfb/players/brett-dioguardi-1.html,0,0,0,0,0,0,0,0,0,0,0,0,0,0,0,0,0,0,0,0,0,0,0,0,0,0,0,0,0,0,0,0,0,0,0,0,0,0,0,0,0,0,0,0,0,0,0,0,0,0,0,0,0,0,0,0,0,0,0,0,0,0,0,0
101,https://www.sports-reference.com/cfb/players/gerrid-doaks-1.html,0,0,0,0,0,0,0,0,0,0,0,0,0,0,0,0,0,0,0,0,0,0,0,0,0,9,144,673,4.7,7,14,202,14.4,2,158,875,5.5,9,0,0,0,0,0,0,0,0,0,0,0,0,0,0,0,0,0,0,0,0,9,,9,,,54
102,https://www.sports-reference.com/cfb/players/max-duffy-1.html,9,0,0,0,0.0,0.0,0,0,,0,0,0,,,0,0,0,0,0,0,0,0,0,0,0,9,1,-3,-3.0,0,0,0,,0,1,-3,-3.0,0,0,0,0,0,0,0,0,0,0,0,0,0,0,0,0,0,0,0,0,0,0,0,0,0,0,0
103,https://www.sports-reference.com/cfb/players/devontres-dukes-1.html,9,2,0,2,0.0,0.0,0,0,,0,0,0,,,0,0,0,0,0,0,0,0,0,0,0,0,0,0,0,0,0,0,0,0,0,0,0,0,0,0,0,0,0,0,0,0,0,0,0,0,0,0,0,0,0,0,0,0,9,,4,,,24
104,https://www.sports-reference.com/cfb/players/keith-duncan-1.html,0,0,0,0,0,0,0,0,0,0,0,0,0,0,0,0,0,0,0,0,0,0,0,0,0,0,0,0,0,0,0,0,0,0,0,0,0,0,8,26,27,96.3,14,18,77.8,68,0,0,,0,0,0,0,0,0,0,0,0,8,,,,,68
105,https://www.sports-reference.com/cfb/players/isaiah-dunn-1.html,5,8,5,13,0.0,0.0,0,0,,0,3,0,,,0,0,0,0,0,0,0,0,0,0,0,0,0,0,0,0,0,0,0,0,0,0,0,0,0,0,0,0,0,0,0,0,0,0,0,0,0,0,0,0,0,0,0,0,0,0,0,0,0,0
106,https://www.sports-reference.com/cfb/players/wes-dvorak-1.html,3,0,3,3,0.0,0.0,0,0,,0,0,0,,,0,0,0,0,0,0,0,0,0,0,0,0,0,0,0,0,0,0,0,0,0,0,0,0,0,0,0,0,0,0,0,0,0,0,0,0,0,0,0,0,0,0,0,0,0,0,0,0,0,0
107,https://www.sports-reference.com/cfb/players/brennan-eagles-1.html,0,0,0,0,0,0,0,0,0,0,0,0,0,0,0,0,0,0,0,0,0,0,0,0,0,0,0,0,0,0,0,0,0,0,0,0,0,0,0,0,0,0,0,0,0,0,0,0,0,0,0,0,0,0,0,0,0,0,9,,5,,,30
108,https://www.sports-reference.com/cfb/players/adrian-ealy-1.html,0,0,0,0,0,0,0,0,0,0,0,0,0,0,0,0,0,0,0,0,0,0,0,0,0,0,0,0,0,0,0,0,0,0,0,0,0,0,0,0,0,0,0,0,0,0,0,0,0,0,0,0,0,0,0,0,0,0,0,0,0,0,0,0
109,https://www.sports-reference.com/cfb/players/brandin-echols-1.html,11,39,15,54,2.0,0.0,1,7,7.0,0,2,0,,,0,0,0,0,0,0,0,0,0,0,0,0,0,0,0,0,0,0,0,0,0,0,0,0,0,0,0,0,0,0,0,0,0,0,0,0,0,0,0,0,0,0,0,0,0,0,0,0,0,0
110,https://www.sports-reference.com/cfb/players/sam-ehlinger-1.html,10,1,0,1,0.0,0.0,0,0,,0,0,0,,,0,10,194,322,60.2,2566,8.0,8.9,26,5,150.7,10,113,377,3.3,8,0,0,,0,113,377,3.3,8,0,0,0,0,0,0,0,0,0,0,0,0,0,0,0,0,0,0,0,0,10,,8,,,48
111,https://www.sports-reference.com/cfb/players/liam-eichenberg-1.html,0,0,0,0,0,0,0,0,0,0,0,0,0,0,0,0,0,0,0,0,0,0,0,0,0,0,0,0,0,0,0,0,0,0,0,0,0,0,0,0,0,0,0,0,0,0,0,0,0,0,0,0,0,0,0,0,0,0,0,0,0,0,0,0
112,https://www.sports-reference.com/cfb/players/milo-eifler-1.html,6,19,8,27,3.5,1.0,0,0,,0,1,0,,,0,0,0,0,0,0,0,0,0,0,0,0,0,0,0,0,0,0,0,0,0,0,0,0,0,0,0,0,0,0,0,0,0,0,0,0,0,0,0,0,0,0,0,0,6,,,,,0
113,https://www.sports-reference.com/cfb/players/dwayne-eskridge-1.html,6,1,0,1,0.0,0.0,0,0,,0,0,0,,,0,0,0,0,0,0,0,0,0,0,0,0,0,0,0,0,0,0,0,0,0,0,0,0,0,0,0,0,0,0,0,0,0,0,0,0,0,0,0,0,0,0,0,0,6,,9,,,54
114,https://www.sports-reference.com/cfb/players/dorian-etheridge-1.html,11,32,18,50,9.5,3.0,0,0,,0,2,0,,,1,0,0,0,0,0,0,0,0,0,0,0,0,0,0,0,0,0,0,0,0,0,0,0,0,0,0,0,0,0,0,0,0,0,0,0,0,0,0,0,0,0,0,0,0,0,0,0,0,0
115,https://www.sports-reference.com/cfb/players/travis-etienne-1.html,12,0,0,0,0.0,0.0,0,0,,0,0,0,,,0,12,0,0,,0,,,0,0,,12,168,914,5.4,14,48,588,12.3,2,216,1502,7.0,16,0,0,0,0,0,0,0,0,0,0,0,0,0,0,0,0,0,0,0,0,12,,16,,,96
116,https://www.sports-reference.com/cfb/players/chris-evans-2.html,0,0,0,0,0,0,0,0,0,0,0,0,0,0,0,0,0,0,0,0,0,0,0,0,0,6,16,73,4.6,1,9,87,9.7,0,25,160,6.4,1,0,0,0,0,0,0,0,0,0,0,0,6,0,0,,0,0,0,,0,6,,1,,,6
117,https://www.sports-reference.com/cfb/players/dillon-faamatau-1.html,6,2,4,6,0.5,0.0,0,0,,0,0,0,,,0,0,0,0,0,0,0,0,0,0,0,0,0,0,0,0,0,0,0,0,0,0,0,0,0,0,0,0,0,0,0,0,0,0,0,0,0,0,0,0,0,0,0,0,0,0,0,0,0,0
118,https://www.sports-reference.com/cfb/players/austin-faoliu-1.html,6,11,8,19,1.5,1.0,0,0,,0,0,0,,,0,0,0,0,0,0,0,0,0,0,0,0,0,0,0,0,0,0,0,0,0,0,0,0,0,0,0,0,0,0,0,0,0,0,0,0,0,0,0,0,0,0,0,0,0,0,0,0,0,0
119,https://www.sports-reference.com/cfb/players/matt-farniok-1.html,,,,,,,,,,,,,,,,0,0,0,0,0,0,0,0,0,0,0,0,0,0,0,0,0,0,0,0,0,0,0,0,0,0,0,0,0,0,0,0,0,0,0,0,0,0,0,0,0,0,0,0,0,0,0,0,0
120,https://www.sports-reference.com/cfb/players/luke-farrell-1.html,4,0,0,0,0.0,0.0,0,0,,0,0,0,,,0,0,0,0,0,0,0,0,0,0,0,0,0,0,0,0,0,0,0,0,0,0,0,0,0,0,0,0,0,0,0,0,0,0,0,0,0,0,0,0,0,0,0,0,4,,1,,,6
121,https://www.sports-reference.com/cfb/players/simi-fehoko-1.html,0,0,0,0,0,0,0,0,0,0,0,0,0,0,0,0,0,0,0,0,0,0,0,0,0,0,0,0,0,0,0,0,0,0,0,0,0,0,0,0,0,0,0,0,0,0,0,0,0,0,0,0,0,0,0,0,0,0,6,,3,,,18
122,https://www.sports-reference.com/cfb/players/demetric-felton-1.html,6,0,0,0,0.0,0.0,0,0,,0,0,0,,,0,0,0,0,0,0,0,0,0,0,0,6,132,668,5.1,5,22,159,7.2,3,154,827,5.4,8,0,0,0,0,0,0,0,0,0,0,0,0,0,0,0,0,0,0,0,0,6,,8,,,48
123,https://www.sports-reference.com/cfb/players/parker-ferguson-1.html,,,,,,,,,,,,,,,,0,0,0,0,0,0,0,0,0,0,0,0,0,0,0,0,0,0,0,0,0,0,0,0,0,0,0,0,0,0,0,0,0,0,0,0,0,0,0,0,0,0,0,0,0,0,0,0,0
124,https://www.sports-reference.com/cfb/players/justin-fields-2.html,0,0,0,0,0,0,0,0,0,0,0,0,0,0,0,8,158,225,70.2,2100,9.3,10.1,22,6,175.6,8,81,383,4.7,5,0,0,,0,81,383,4.7,5,0,0,0,0,0,0,0,0,0,0,0,0,0,0,0,0,0,0,0,0,8,,5,,,30
125,https://www.sports-reference.com/cfb/players/tony-fields-ii-1.html,9,34,54,88,4.0,1.0,1,22,22.0,0,2,0,,,0,0,0,0,0,0,0,0,0,0,0,0,0,0,0,0,0,0,0,0,0,0,0,0,0,0,0,0,0,0,0,0,0,0,0,0,0,0,0,0,0,0,0,0,0,0,0,0,0,0
126,https://www.sports-reference.com/cfb/players/paddy-fisher-1.html,9,47,39,86,4.5,0.0,1,0,0.0,0,2,1,,,1,0,0,0,0,0,0,0,0,0,0,0,0,0,0,0,0,0,0,0,0,0,0,0,0,0,0,0,0,0,0,0,0,0,0,0,0,0,0,0,0,0,0,0,0,0,0,0,0,0
127,https://www.sports-reference.com/cfb/players/dez-fitzpatrick-1.html,11,2,1,3,0.0,0.0,0,0,,0,0,0,,,0,0,0,0,0,0,0,0,0,0,0,0,0,0,0,0,0,0,0,0,0,0,0,0,0,0,0,0,0,0,0,0,0,0,0,0,0,0,0,0,0,0,0,0,11,,3,,,18
128,https://www.sports-reference.com/cfb/players/thomas-fletcher-1.html,1,0,0,0,0.0,0.0,0,0,,0,0,1,,,0,0,0,0,0,0,0,0,0,0,0,0,0,0,0,0,0,0,0,0,0,0,0,0,0,0,0,0,0,0,0,0,0,0,0,0,0,0,0,0,0,0,0,0,0,0,0,0,0,0
129,https://www.sports-reference.com/cfb/players/paris-ford-1.html,7,30,11,41,3.0,0.0,3,34,11.3,0,1,0,,,0,0,0,0,0,0,0,0,0,0,0,0,0,0,0,0,0,0,0,0,0,0,0,0,0,0,0,0,0,0,0,0,0,0,0,7,0,0,,0,0,0,,0,7,,,,,0
130,https://www.sports-reference.com/cfb/players/darrick-forrest-1.html,9,31,9,40,1.0,0.0,2,22,11.0,0,1,0,,,0,0,0,0,0,0,0,0,0,0,0,9,0,0,,0,0,0,,0,0,0,,0,0,0,0,0,0,0,0,0,0,0,0,0,0,0,0,0,0,0,0,0,0,0,0,0,0,0
131,https://www.sports-reference.com/cfb/players/miller-forristall-1.html,10,0,1,1,0.0,0.0,0,0,,0,0,0,,,0,0,0,0,0,0,0,0,0,0,0,0,0,0,0,0,0,0,0,0,0,0,0,0,0,0,0,0,0,0,0,0,0,0,0,0,0,0,0,0,0,0,0,0,10,,1,,,6
132,https://www.sports-reference.com/cfb/players/stone-forsythe-1.html,1,1,0,1,0.0,0.0,0,0,,0,0,0,,,0,0,0,0,0,0,0,0,0,0,0,0,0,0,0,0,0,0,0,0,0,0,0,0,0,0,0,0,0,0,0,0,0,0,0,0,0,0,0,0,0,0,0,0,0,0,0,0,0,0
133,https://www.sports-reference.com/cfb/players/feleipe-franks-1.html,9,0,0,0,0.0,0.0,0,0,,0,0,0,,,0,9,163,238,68.5,2107,8.9,9.5,17,4,163.1,9,105,204,1.9,1,0,0,,0,105,204,1.9,1,0,0,0,0,0,0,0,0,0,0,0,0,0,0,0,0,0,0,0,0,9,,1,,,6
134,https://www.sports-reference.com/cfb/players/pat-freiermuth-1.html,0,0,0,0,0,0,0,0,0,0,0,0,0,0,0,0,0,0,0,0,0,0,0,0,0,0,0,0,0,0,0,0,0,0,0,0,0,0,0,0,0,0,0,0,0,0,0,0,0,0,0,0,0,0,0,0,0,0,4,,1,,,6
135,https://www.sports-reference.com/cfb/players/will-fries-1.html,1,1,0,1,0.0,0.0,0,0,,0,0,0,,,0,0,0,0,0,0,0,0,0,0,0,0,0,0,0,0,0,0,0,0,0,0,0,0,0,0,0,0,0,0,0,0,0,0,0,0,0,0,0,0,0,0,0,0,0,0,0,0,0,0
136,https://www.sports-reference.com/cfb/players/jake-funk-1.html,5,3,0,3,0.0,0.0,0,0,,0,0,0,,,0,5,0,0,,0,,,0,0,,5,60,516,8.6,3,10,68,6.8,1,70,584,8.3,4,0,0,0,0,0,0,0,0,0,0,0,0,0,0,0,0,0,0,0,0,5,,4,,,24
137,https://www.sports-reference.com/cfb/players/kenny-gainwell-1.html,14,1,0,1,0.0,0.0,0,0,,0,0,0,,,0,0,0,0,0,0,0,0,0,0,0,14,231,1459,6.3,13,51,610,12.0,3,282,2069,7.3,16,0,0,0,0,0,0,0,0,0,0,0,0,0,0,0,0,0,0,0,0,14,,16,,,96
138,https://www.sports-reference.com/cfb/players/bailey-gaither-1.html,7,2,0,2,0.0,0.0,0,0,,0,0,0,,,0,0,0,0,0,0,0,0,0,0,0,0,0,0,0,0,0,0,0,0,0,0,0,0,0,0,0,0,0,0,0,0,0,0,0,0,0,0,0,0,0,0,0,0,7,,4,,,24
139,https://www.sports-reference.com/cfb/players/blake-gallagher-1.html,9,44,40,84,9.5,2.0,1,0,0.0,0,2,1,,,1,0,0,0,0,0,0,0,0,0,0,0,0,0,0,0,0,0,0,0,0,0,0,0,0,0,0,0,0,0,0,0,0,0,0,0,0,0,0,0,0,0,0,0,0,0,0,0,0,0
140,https://www.sports-reference.com/cfb/players/mark-gilbert-1.html,2,7,1,8,0.0,0.0,1,0,0.0,0,0,0,,,0,0,0,0,0,0,0,0,0,0,0,0,0,0,0,0,0,0,0,0,0,0,0,0,0,0,0,0,0,0,0,0,0,0,0,0,0,0,0,0,0,0,0,0,0,0,0,0,0,0
141,https://www.sports-reference.com/cfb/players/tyree-gillespie-1.html,9,29,17,46,0.5,0.0,0,0,,0,4,0,,,0,0,0,0,0,0,0,0,0,0,0,0,0,0,0,0,0,0,0,0,0,0,0,0,0,0,0,0,0,0,0,0,0,0,0,0,0,0,0,0,0,0,0,0,0,0,0,0,0,0
142,https://www.sports-reference.com/cfb/players/chauncey-golston-1.html,8,24,21,45,8.5,5.5,1,-1,-1.0,0,1,0,,,1,0,0,0,0,0,0,0,0,0,0,0,0,0,0,0,0,0,0,0,0,0,0,0,0,0,0,0,0,0,0,0,0,0,0,0,0,0,0,0,0,0,0,0,0,0,0,0,0,0
143,https://www.sports-reference.com/cfb/players/tay-gowan-1.html,,,,,,,,,,,,,,,,0,0,0,0,0,0,0,0,0,0,0,0,0,0,0,0,0,0,0,0,0,0,0,0,0,0,0,0,0,0,0,0,0,0,0,0,0,0,0,0,0,0,0,0,0,0,0,0,0
144,https://www.sports-reference.com/cfb/players/taquon-graham-1.html,9,12,11,23,7.0,2.0,0,0,,0,0,1,,,0,0,0,0,0,0,0,0,0,0,0,0,0,0,0,0,0,0,0,0,0,0,0,0,0,0,0,0,0,0,0,0,0,0,0,0,0,0,0,0,0,0,0,0,0,0,0,0,0,0
145,https://www.sports-reference.com/cfb/players/richie-grant-1.html,9,49,23,72,3.5,1.0,3,25,8.3,0,5,2,,,2,0,0,0,0,0,0,0,0,0,0,0,0,0,0,0,0,0,0,0,0,0,0,0,0,0,0,0,0,0,0,0,0,0,0,0,0,0,0,0,0,0,0,0,9,,,,,0
146,https://www.sports-reference.com/cfb/players/noah-gray-1.html,10,1,0,1,0.0,0.0,0,0,,0,0,0,,,0,10,1,1,100.0,11,11.0,11.0,0,0,192.4,0,0,0,0,0,0,0,0,0,0,0,0,0,0,0,0,0,0,0,0,0,0,0,0,0,0,0,0,0,0,0,0,0,10,,2,,,12
147,https://www.sports-reference.com/cfb/players/kendrick-green-1.html,,,,,,,,,,,,,,,,0,0,0,0,0,0,0,0,0,0,0,0,0,0,0,0,0,0,0,0,0,0,0,0,0,0,0,0,0,0,0,0,0,0,0,0,0,0,0,0,0,0,0,0,0,0,0,0,0
148,https://www.sports-reference.com/cfb/players/trevon-grimes-1.html,11,1,1,2,0.0,0.0,0,0,,0,0,0,,,0,0,0,0,0,0,0,0,0,0,0,0,0,0,0,0,0,0,0,0,0,0,0,0,0,0,0,0,0,0,0,0,0,0,0,0,0,0,0,0,0,0,0,0,11,,9,,,54
149,https://www.sports-reference.com/cfb/players/garrett-groshek-1.html,6,1,0,1,0.0,0.0,0,0,,0,0,0,,,0,6,0,0,,0,,,0,0,,6,67,300,4.5,2,22,119,5.4,0,89,419,4.7,2,0,0,0,0,0,0,0,0,0,0,0,0,0,0,0,0,0,0,0,0,6,,2,,,12
150,https://www.sports-reference.com/cfb/players/robert-hainsey-1.html,,,,,,,,,,,,,,,,0,0,0,0,0,0,0,0,0,0,0,0,0,0,0,0,0,0,0,0,0,0,0,0,0,0,0,0,0,0,0,0,0,0,0,0,0,0,0,0,0,0,0,0,0,0,0,0,0
151,https://www.sports-reference.com/cfb/players/darren-hall-1.html,8,30,7,37,2.0,0.0,3,72,24.0,1,6,0,,,0,0,0,0,0,0,0,0,0,0,0,0,0,0,0,0,0,0,0,0,0,0,0,0,0,0,0,0,0,0,0,0,0,0,0,0,0,0,0,0,0,0,0,0,8,,1,,,6
152,https://www.sports-reference.com/cfb/players/damar-hamlin-1.html,10,38,28,66,3.5,0.0,2,4,2.0,0,7,0,,,0,0,0,0,0,0,0,0,0,0,0,0,0,0,0,0,0,0,0,0,0,0,0,0,0,0,0,0,0,0,0,0,0,0,0,0,0,0,0,0,0,0,0,0,0,0,0,0,0,0
153,https://www.sports-reference.com/cfb/players/mike-hampton-2.html,9,22,10,32,0.0,0.0,0,0,,0,3,1,,,0,0,0,0,0,0,0,0,0,0,0,0,0,0,0,0,0,0,0,0,0,0,0,0,0,0,0,0,0,0,0,0,0,0,0,0,0,0,0,0,0,0,0,0,0,0,0,0,0,0
154,https://www.sports-reference.com/cfb/players/noah-hannon-1.html,,,,,,,,,,,,,,,,0,0,0,0,0,0,0,0,0,0,0,0,0,0,0,0,0,0,0,0,0,0,0,0,0,0,0,0,0,0,0,0,0,0,0,0,0,0,0,0,0,0,0,0,0,0,0,0,0
155,https://www.sports-reference.com/cfb/players/adrian-hardy-1.html,7,1,0,1,0.0,0.0,0,0,,0,0,0,,,0,7,0,1,0.0,0,0.0,0.0,0,0,0.0,0,0,0,0,0,0,0,0,0,0,0,0,0,0,0,0,0,0,0,0,0,0,0,0,0,0,0,0,0,0,0,0,0,7,,4,,,24
156,https://www.sports-reference.com/cfb/players/bryce-hargrove-1.html,0,0,0,0,0,0,0,0,0,0,0,0,0,0,0,0,0,0,0,0,0,0,0,0,0,0,0,0,0,0,0,0,0,0,0,0,0,0,0,0,0,0,0,0,0,0,0,0,0,0,0,0,0,0,0,0,0,0,0,0,0,0,0,0
157,https://www.sports-reference.com/cfb/players/darius-harper-2.html,1,1,0,1,0.0,0.0,0,0,,0,0,0,,,0,0,0,0,0,0,0,0,0,0,0,0,0,0,0,0,0,0,0,0,0,0,0,0,0,0,0,0,0,0,0,0,0,0,0,0,0,0,0,0,0,0,0,0,0,0,0,0,0,0
158,https://www.sports-reference.com/cfb/players/scooter-harrington-1.html,0,0,0,0,0,0,0,0,0,0,0,0,0,0,0,0,0,0,0,0,0,0,0,0,0,0,0,0,0,0,0,0,0,0,0,0,0,0,0,0,0,0,0,0,0,0,0,0,0,0,0,0,0,0,0,0,0,0,5,,2,,,12
159,https://www.sports-reference.com/cfb/players/jacob-harris-2.html,10,2,0,2,0.0,0.0,0,0,,0,0,0,,,0,0,0,0,0,0,0,0,0,0,0,0,0,0,0,0,0,0,0,0,0,0,0,0,0,0,0,0,0,0,0,0,0,0,0,0,0,0,0,0,0,0,0,0,10,,8,,,48
160,https://www.sports-reference.com/cfb/players/jaylen-harris-2.html,1,1,0,1,0.0,0.0,0,0,,0,0,0,,,0,0,0,0,0,0,0,0,0,0,0,0,0,0,0,0,0,0,0,0,0,0,0,0,0,0,0,0,0,0,0,0,0,0,0,0,0,0,0,0,0,0,0,0,0,0,0,0,0,0
161,https://www.sports-reference.com/cfb/players/pressley-harvin-iii-1.html,9,0,0,0,0.0,0.0,0,0,,0,0,0,,,0,9,0,1,0.0,0,0.0,0.0,0,0,0.0,9,0,0,,0,0,0,,0,0,0,,0,0,0,0,0,0,0,0,0,0,0,0,0,0,0,0,0,0,0,0,0,0,0,0,0,0,0
162,https://www.sports-reference.com/cfb/players/blake-haubeil-1.html,5,0,0,0,0.0,0.0,0,0,,0,0,0,,,0,0,0,0,0,0,0,0,0,0,0,0,0,0,0,0,0,0,0,0,0,0,0,0,5,24,24,100.0,5,7,71.4,39,0,0,,0,0,0,0,0,0,0,0,0,5,,,,,39
163,https://www.sports-reference.com/cfb/players/jake-hausmann-1.html,1,0,0,0,0.0,0.0,0,0,,0,0,0,,,0,0,0,0,0,0,0,0,0,0,0,0,0,0,0,0,0,0,0,0,0,0,0,0,0,0,0,0,0,0,0,0,0,0,0,0,0,0,0,0,0,0,0,0,1,,,,,0
164,https://www.sports-reference.com/cfb/players/javian-hawkins-1.html,8,1,1,2,0.0,0.0,0,0,,0,0,0,,,0,0,0,0,0,0,0,0,0,0,0,8,133,822,6.2,7,16,127,7.9,1,149,949,6.4,8,0,0,0,0,0,0,0,0,0,0,0,0,0,0,0,0,0,0,0,0,8,,8,,,48
165,https://www.sports-reference.com/cfb/players/daelin-hayes-1.html,9,12,5,17,6.0,3.0,1,13,13.0,0,1,1,,,2,0,0,0,0,0,0,0,0,0,0,0,0,0,0,0,0,0,0,0,0,0,0,0,0,0,0,0,0,0,0,0,0,0,0,0,0,0,0,0,0,0,0,0,0,0,0,0,0,0
166,https://www.sports-reference.com/cfb/players/damon-hazelton-jr-1.html,8,0,0,0,0.0,0.0,0,0,,0,0,0,,,0,0,0,0,0,0,0,0,0,0,0,0,0,0,0,0,0,0,0,0,0,0,0,0,0,0,0,0,0,0,0,0,0,0,0,8,0,0,,0,0,0,,0,8,,1,,,6
167,https://www.sports-reference.com/cfb/players/jack-heflin-1.html,8,13,8,21,3.5,1.0,0,0,,0,0,0,,,0,0,0,0,0,0,0,0,0,0,0,0,0,0,0,0,0,0,0,0,0,0,0,0,0,0,0,0,0,0,0,0,0,0,0,0,0,0,0,0,0,0,0,0,0,0,0,0,0,0
168,https://www.sports-reference.com/cfb/players/brett-heggie-1.html,0,0,0,0,0,0,0,0,0,0,0,0,0,0,0,0,0,0,0,0,0,0,0,0,0,0,0,0,0,0,0,0,0,0,0,0,0,0,0,0,0,0,0,0,0,0,0,0,0,0,0,0,0,0,0,0,0,0,0,0,0,0,0,0
169,https://www.sports-reference.com/cfb/players/justin-henderson-2.html,7,1,0,1,0.0,0.0,0,0,,0,0,0,,,0,0,0,0,0,0,0,0,0,0,0,7,75,252,3.4,2,9,37,4.1,0,84,289,3.4,2,0,0,0,0,0,0,0,0,0,0,0,0,0,0,0,0,0,0,0,0,7,,2,,,12
170,https://www.sports-reference.com/cfb/players/khalil-herbert-1.html,11,0,0,0,0.0,0.0,0,0,,0,0,0,,,0,11,0,0,,0,,,0,0,,11,155,1183,7.6,8,10,179,17.9,1,165,1362,8.3,9,0,0,0,0,0,0,0,0,0,0,0,0,0,0,0,0,0,0,0,0,11,,9,,,54
171,https://www.sports-reference.com/cfb/players/grant-hermanns-1.html,1,1,0,1,0.0,0.0,0,0,,0,0,0,,,0,0,0,0,0,0,0,0,0,0,0,0,0,0,0,0,0,0,0,0,0,0,0,0,0,0,0,0,0,0,0,0,0,0,0,0,0,0,0,0,0,0,0,0,0,0,0,0,0,0
172,https://www.sports-reference.com/cfb/players/malik-herring-1.html,10,12,8,20,4.5,2.0,0,0,,0,2,0,,,0,0,0,0,0,0,0,0,0,0,0,0,0,0,0,0,0,0,0,0,0,0,0,0,0,0,0,0,0,0,0,0,0,0,0,0,0,0,0,0,0,0,0,0,0,0,0,0,0,0
173,https://www.sports-reference.com/cfb/players/kylin-hill-1.html,3,1,0,1,0.0,0.0,0,0,,0,0,0,,,0,0,0,0,0,0,0,0,0,0,0,3,15,58,3.9,0,23,237,10.3,1,38,295,7.8,1,0,0,0,0,0,0,0,0,0,0,0,0,0,0,0,0,0,0,0,0,3,,1,,,6
174,https://www.sports-reference.com/cfb/players/trey-hill-1.html,0,0,0,0,0,0,0,0,0,0,0,0,0,0,0,0,0,0,0,0,0,0,0,0,0,0,0,0,0,0,0,0,0,0,0,0,0,0,0,0,0,0,0,0,0,0,0,0,0,0,0,0,0,0,0,0,0,0,0,0,0,0,0,0
175,https://www.sports-reference.com/cfb/players/justin-hilliard-1.html,6,20,13,33,5.0,0.0,1,0,0.0,0,1,3,,,1,0,0,0,0,0,0,0,0,0,0,0,0,0,0,0,0,0,0,0,0,0,0,0,0,0,0,0,0,0,0,0,0,0,0,0,0,0,0,0,0,0,0,0,0,0,0,0,0,0
176,https://www.sports-reference.com/cfb/players/nate-hobbs-1.html,5,23,9,32,2.0,0.0,1,26,26.0,0,2,0,,,0,0,0,0,0,0,0,0,0,0,0,0,0,0,0,0,0,0,0,0,0,0,0,0,0,0,0,0,0,0,0,0,0,0,0,0,0,0,0,0,0,0,0,0,5,,,,,0
177,https://www.sports-reference.com/cfb/players/darius-hodge-1.html,10,19,44,63,9.0,6.5,0,0,,0,1,1,,,1,0,0,0,0,0,0,0,0,0,0,0,0,0,0,0,0,0,0,0,0,0,0,0,0,0,0,0,0,0,0,0,0,0,0,10,0,0,,0,0,0,,0,0,0,0,0,0,0
178,https://www.sports-reference.com/cfb/players/jevon-holland-1.html,,,,,,,,,,,,,,,,0,0,0,0,0,0,0,0,0,0,0,0,0,0,0,0,0,0,0,0,0,0,0,0,0,0,0,0,0,0,0,0,0,0,,,,,,,,,,,,,,,0
179,https://www.sports-reference.com/cfb/players/jaycee-horn-1.html,7,10,6,16,1.0,0.0,2,34,17.0,0,6,0,,,0,0,0,0,0,0,0,0,0,0,0,0,0,0,0,0,0,0,0,0,0,0,0,0,0,0,0,0,0,0,0,0,0,0,0,0,0,0,0,0,0,0,0,0,0,0,0,0,0,0
180,https://www.sports-reference.com/cfb/players/phil-hoskins-1.html,11,15,15,30,4.0,1.0,1,4,4.0,0,0,0,,,0,0,0,0,0,0,0,0,0,0,0,0,0,0,0,0,0,0,0,0,0,0,0,0,0,0,0,0,0,0,0,0,0,0,0,0,0,0,0,0,0,0,0,0,0,0,0,0,0,0
181,https://www.sports-reference.com/cfb/players/chuba-hubbard-1.html,7,1,0,1,0.0,0.0,0,0,,0,0,0,,,0,0,0,0,0,0,0,0,0,0,0,7,133,625,4.7,5,8,52,6.5,1,141,677,4.8,6,0,0,0,0,0,0,0,0,0,0,0,0,0,0,0,0,0,0,0,0,7,,6,,,36
182,https://www.sports-reference.com/cfb/players/wyatt-hubert-1.html,10,19,8,27,13.0,8.5,0,0,,0,1,0,,,2,0,0,0,0,0,0,0,0,0,0,0,0,0,0,0,0,0,0,0,0,0,0,0,0,0,0,0,0,0,0,0,0,0,0,0,0,0,0,0,0,0,0,0,0,0,0,0,0,0
183,https://www.sports-reference.com/cfb/players/james-hudson-1.html,,,,,,,,,,,,,,,,0,0,0,0,0,0,0,0,0,0,0,0,0,0,0,0,0,0,0,0,0,0,0,0,0,0,0,0,0,0,0,0,0,0,0,0,0,0,0,0,0,0,0,0,0,0,0,0,0
184,https://www.sports-reference.com/cfb/players/talanoa-hufanga-1.html,6,40,22,62,5.5,3.0,4,90,22.5,0,1,0,,,2,0,0,0,0,0,0,0,0,0,0,0,0,0,0,0,0,0,0,0,0,0,0,0,0,0,0,0,0,0,0,0,0,0,0,0,0,0,0,0,0,0,0,0,0,0,0,0,0,0
185,https://www.sports-reference.com/cfb/players/justin-hughes-2.html,8,29,15,44,2.0,0.0,0,0,,0,1,0,,,0,0,0,0,0,0,0,0,0,0,0,8,0,0,,0,0,0,,0,0,0,,0,0,0,0,0,0,0,0,0,0,0,0,0,0,0,0,0,0,0,0,0,0,0,0,0,0,0
186,https://www.sports-reference.com/cfb/players/creed-humphrey-1.html,1,0,1,1,0.0,0.0,0,0,,0,0,0,,,0,0,0,0,0,0,0,0,0,0,0,0,0,0,0,0,0,0,0,0,0,0,0,0,0,0,0,0,0,0,0,0,0,0,0,0,0,0,0,0,0,0,0,0,0,0,0,0,0,0
187,https://www.sports-reference.com/cfb/players/sadarius-hutcherson-1.html,0,0,0,0,0,0,0,0,0,0,0,0,0,0,0,0,0,0,0,0,0,0,0,0,0,0,0,0,0,0,0,0,0,0,0,0,0,0,0,0,0,0,0,0,0,0,0,0,0,0,0,0,0,0,0,0,0,0,0,0,0,0,0,0
188,https://www.sports-reference.com/cfb/players/josh-imatorbhebhe-1.html,7,0,0,0,0.0,0.0,0,0,,0,0,0,,,0,0,0,0,0,0,0,0,0,0,0,0,0,0,0,0,0,0,0,0,0,0,0,0,0,0,0,0,0,0,0,0,0,0,0,0,0,0,0,0,0,0,0,0,7,,3,,,18
189,https://www.sports-reference.com/cfb/players/alaric-jackson-1.html,0,0,0,0,0,0,0,0,0,0,0,0,0,0,0,0,0,0,0,0,0,0,0,0,0,0,0,0,0,0,0,0,0,0,0,0,0,0,0,0,0,0,0,0,0,0,0,0,0,0,0,0,0,0,0,0,0,0,0,0,0,0,0,0
190,https://www.sports-reference.com/cfb/players/tarron-jackson-1.html,12,25,29,54,14.0,8.5,0,0,,0,0,1,,,4,0,0,0,0,0,0,0,0,0,0,0,0,0,0,0,0,0,0,0,0,0,0,0,0,0,0,0,0,0,0,0,0,0,0,0,0,0,0,0,0,0,0,0,0,0,0,0,0,0
191,https://www.sports-reference.com/cfb/players/warren-jackson-2.html,,,,,,,,,,,,,,,,0,0,0,0,0,0,0,0,0,0,0,0,0,0,0,0,0,0,0,0,0,0,0,0,0,0,0,0,0,0,0,0,0,0,0,0,0,0,0,0,0,0,0,,,,,,0
192,https://www.sports-reference.com/cfb/players/deon-jackson-1.html,11,1,1,2,0.0,0.0,0,0,,0,0,0,,,0,11,1,1,100.0,29,29.0,49.0,1,0,673.6,11,161,682,4.2,5,10,85,8.5,0,171,767,4.5,5,0,0,0,0,0,0,0,0,0,0,0,0,0,0,0,0,0,0,0,0,11,,5,,,30
193,https://www.sports-reference.com/cfb/players/drake-jackson-1.html,0,0,0,0,0,0,0,0,0,0,0,0,0,0,0,0,0,0,0,0,0,0,0,0,0,0,0,0,0,0,0,0,0,0,0,0,0,0,0,0,0,0,0,0,0,0,0,0,0,0,0,0,0,0,0,0,0,0,0,0,0,0,0,0
194,https://www.sports-reference.com/cfb/players/jerry-jacobs-1.html,4,17,0,17,1.0,0.0,0,0,,0,0,0,,,0,0,0,0,0,0,0,0,0,0,0,0,0,0,0,0,0,0,0,0,0,0,0,0,0,0,0,0,0,0,0,0,0,0,0,0,0,0,0,0,0,0,0,0,0,0,0,0,0,0
195,https://www.sports-reference.com/cfb/players/brenden-jaimes-1.html,0,0,0,0,0,0,0,0,0,0,0,0,0,0,0,0,0,0,0,0,0,0,0,0,0,0,0,0,0,0,0,0,0,0,0,0,0,0,0,0,0,0,0,0,0,0,0,0,0,0,0,0,0,0,0,0,0,0,0,0,0,0,0,0
196,https://www.sports-reference.com/cfb/players/shemar-jean-charles-1.html,11,22,13,35,1.0,0.0,1,0,0.0,0,16,0,,,0,0,0,0,0,0,0,0,0,0,0,0,0,0,0,0,0,0,0,0,0,0,0,0,0,0,0,0,0,0,0,0,0,0,0,0,0,0,0,0,0,0,0,0,0,0,0,0,0,0
197,https://www.sports-reference.com/cfb/players/jermar-jefferson-1.html,0,0,0,0,0,0,0,0,0,0,0,0,0,0,0,0,0,0,0,0,0,0,0,0,0,6,133,858,6.5,7,9,67,7.4,0,142,925,6.5,7,0,0,0,0,0,0,0,0,0,0,0,0,0,0,0,0,0,0,0,0,6,,7,,,42
198,https://www.sports-reference.com/cfb/players/teven-jenkins-1.html,,,,,,,,,,,,,,,,0,0,0,0,0,0,0,0,0,0,0,0,0,0,0,0,0,0,0,0,0,0,0,0,0,0,0,0,0,0,0,0,0,0,0,0,0,0,0,0,0,0,0,0,0,0,0,0,0
199,https://www.sports-reference.com/cfb/players/adam-jewell-1.html,0,0,0,0,0,0,0,0,0,0,0,0,0,0,0,0,0,0,0,0,0,0,0,0,0,0,0,0,0,0,0,0,0,0,0,0,0,0,0,0,0,0,0,0,0,0,0,0,0,0,0,0,0,0,0,0,0,0,0,0,0,0,0,0
200,https://www.sports-reference.com/cfb/players/sterling-johnson-1.html,10,13,24,37,8.5,3.5,0,0,,0,2,0,,,0,0,0,0,0,0,0,0,0,0,0,0,0,0,0,0,0,0,0,0,0,0,0,0,0,0,0,0,0,0,0,0,0,0,0,0,0,0,0,0,0,0,0,0,0,0,0,0,0,0
201,https://www.sports-reference.com/cfb/players/mustafa-johnson-2.html,6,9,11,20,6.0,3.0,0,0,,0,0,0,,,0,0,0,0,0,0,0,0,0,0,0,0,0,0,0,0,0,0,0,0,0,0,0,0,0,0,0,0,0,0,0,0,0,0,0,0,0,0,0,0,0,0,0,0,6,,,,,0
202,https://www.sports-reference.com/cfb/players/johnathon-johnson-2.html,8,1,0,1,0.0,0.0,0,0,,0,0,0,,,0,0,0,0,0,0,0,0,0,0,0,0,0,0,0,0,0,0,0,0,0,0,0,0,0,0,0,0,0,0,0,0,0,0,0,8,1,1,1.0,0,1,1,1.0,0,8,,0,,,0
203,https://www.sports-reference.com/cfb/players/patrick-johnson-4.html,9,23,13,36,11.5,7.0,0,0,,0,2,0,,,2,0,0,0,0,0,0,0,0,0,0,0,0,0,0,0,0,0,0,0,0,0,0,0,0,0,0,0,0,0,0,0,0,0,0,0,0,0,0,0,0,0,0,0,0,0,0,0,0,0
204,https://www.sports-reference.com/cfb/players/jamar-johnson-1.html,8,32,10,42,3.5,1.0,4,94,23.5,0,4,0,,,1,0,0,0,0,0,0,0,0,0,0,0,0,0,0,0,0,0,0,0,0,0,0,0,0,0,0,0,0,0,0,0,0,0,0,0,0,0,0,0,0,0,0,0,8,,,,,0
205,https://www.sports-reference.com/cfb/players/jerome-johnson-3.html,7,12,6,18,4.5,4.0,1,0,0.0,0,0,1,,,0,0,0,0,0,0,0,0,0,0,0,0,0,0,0,0,0,0,0,0,0,0,0,0,0,0,0,0,0,0,0,0,0,0,0,0,0,0,0,0,0,0,0,0,0,0,0,0,0,0
206,https://www.sports-reference.com/cfb/players/josh-johnson-8.html,0,0,0,0,0,0,0,0,0,0,0,0,0,0,0,0,0,0,0,0,0,0,0,0,0,8,88,321,3.6,4,18,61,3.4,1,106,382,3.6,5,0,0,0,0,0,0,0,0,0,0,0,0,0,0,0,0,0,0,0,0,8,,5,,,30
207,https://www.sports-reference.com/cfb/players/zeandae-johnson-1.html,4,3,5,8,0.5,0.0,0,0,,0,0,0,,,0,0,0,0,0,0,0,0,0,0,0,0,0,0,0,0,0,0,0,0,0,0,0,0,0,0,0,0,0,0,0,0,0,0,0,0,0,0,0,0,0,0,0,0,0,0,0,0,0,0
208,https://www.sports-reference.com/cfb/players/jamal-jones-4.html,11,0,0,0,0.0,0.0,0,0,,0,0,0,,,0,0,0,0,0,0,0,0,0,0,0,11,132,578,4.4,3,16,89,5.6,0,148,667,4.5,3,0,0,0,0,0,0,0,0,0,0,0,11,0,0,,0,0,0,,0,11,,3,,,18
209,https://www.sports-reference.com/cfb/players/naquan-jones-1.html,7,10,14,24,5.0,0.0,0,0,,0,1,1,,,0,0,0,0,0,0,0,0,0,0,0,0,0,0,0,0,0,0,0,0,0,0,0,0,0,0,0,0,0,0,0,0,0,0,0,0,0,0,0,0,0,0,0,0,0,0,0,0,0,0
210,https://www.sports-reference.com/cfb/players/patrick-jones-ii-1.html,11,24,18,42,12.5,9.0,0,0,,0,3,1,,,0,0,0,0,0,0,0,0,0,0,0,0,0,0,0,0,0,0,0,0,0,0,0,0,0,0,0,0,0,0,0,0,0,0,0,0,0,0,0,0,0,0,0,0,0,0,0,0,0,0
211,https://www.sports-reference.com/cfb/players/robert-jones-8.html,0,0,0,0,0,0,0,0,0,0,0,0,0,0,0,0,0,0,0,0,0,0,0,0,0,0,0,0,0,0,0,0,0,0,0,0,0,0,0,0,0,0,0,0,0,0,0,0,0,0,0,0,0,0,0,0,0,0,0,0,0,0,0,0
212,https://www.sports-reference.com/cfb/players/mac-jones-1.html,0,0,0,0,0,0,0,0,0,0,0,0,0,0,0,13,311,402,77.4,4500,11.2,12.8,41,4,203.1,13,35,14,0.4,1,1,-8,-8.0,0,36,6,0.2,1,0,0,0,0,0,0,0,0,0,0,0,0,0,0,0,0,0,0,0,0,13,,1,,,6
213,https://www.sports-reference.com/cfb/players/ernest-jones-3.html,9,42,44,86,5.0,1.0,0,0,,0,0,1,,,1,0,0,0,0,0,0,0,0,0,0,0,0,0,0,0,0,0,0,0,0,0,0,0,0,0,0,0,0,0,0,0,0,0,0,0,0,0,0,0,0,0,0,0,0,0,0,0,0,0
214,https://www.sports-reference.com/cfb/players/brevin-jordan-1.html,8,0,0,0,0.0,0.0,0,0,,0,0,0,,,0,8,1,1,100.0,15,15.0,15.0,0,0,226.0,0,0,0,0,0,0,0,0,0,0,0,0,0,0,0,0,0,0,0,0,0,0,0,0,0,0,0,0,0,0,0,0,0,8,,7,,,42
215,https://www.sports-reference.com/cfb/players/kelvin-joseph-1.html,9,14,11,25,0.5,0.0,4,62,15.5,1,1,0,,,0,0,0,0,0,0,0,0,0,0,0,0,0,0,0,0,0,0,0,0,0,0,0,0,0,0,0,0,0,0,0,0,0,0,0,0,0,0,0,0,0,0,0,0,9,,1,,,6
216,https://www.sports-reference.com/cfb/players/kary-vincent-jr-1.html,,,,,,,,,,,,,,,,0,0,0,0,0,0,0,0,0,0,0,0,0,0,0,0,0,0,0,0,0,0,0,0,0,0,0,0,0,0,0,0,0,0,0,0,0,0,0,0,0,0,0,0,0,0,0,0,0
217,https://www.sports-reference.com/cfb/players/terrace-marshall-jr-1.html,0,0,0,0,0,0,0,0,0,0,0,0,0,0,0,0,0,0,0,0,0,0,0,0,0,0,0,0,0,0,0,0,0,0,0,0,0,0,0,0,0,0,0,0,0,0,0,0,0,0,0,0,0,0,0,0,0,0,7,,10,,,60
218,https://www.sports-reference.com/cfb/players/asante-samuel-jr-1.html,8,22,8,30,1.0,0.0,3,74,24.7,0,6,2,,,1,0,0,0,0,0,0,0,0,0,0,0,0,0,0,0,0,0,0,0,0,0,0,0,0,0,0,0,0,0,0,0,0,0,0,8,0,0,,0,0,0,,0,0,0,0,0,0,0
219,https://www.sports-reference.com/cfb/players/thomas-graham-jr-1.html,,,,,,,,,,,,,,,,0,0,0,0,0,0,0,0,0,0,0,0,0,0,0,0,0,0,0,0,0,0,0,0,0,0,0,0,0,0,0,0,0,0,0,0,0,0,0,0,0,0,0,,,,,,0
220,https://www.sports-reference.com/cfb/players/hunter-kampmoyer-1.html,5,0,0,0,0.0,0.0,0,0,,0,0,0,,,0,0,0,0,0,0,0,0,0,0,0,0,0,0,0,0,0,0,0,0,0,0,0,0,0,0,0,0,0,0,0,0,0,0,0,0,0,0,0,0,0,0,0,0,5,,3,,,18
221,https://www.sports-reference.com/cfb/players/xavier-kelly-2.html,6,3,5,8,1.0,1.0,0,0,,0,0,0,,,0,0,0,0,0,0,0,0,0,0,0,0,0,0,0,0,0,0,0,0,0,0,0,0,0,0,0,0,0,0,0,0,0,0,0,0,0,0,0,0,0,0,0,0,0,0,0,0,0,0
222,https://www.sports-reference.com/cfb/players/alex-kessman-1.html,11,0,0,0,0.0,0.0,0,0,,0,0,0,,,0,0,0,0,0,0,0,0,0,0,0,0,0,0,0,0,0,0,0,0,0,0,0,0,11,31,32,96.9,23,29,79.3,100,0,0,,0,0,0,0,0,0,0,0,0,11,,,,,100
223,https://www.sports-reference.com/cfb/players/devon-key-1.html,11,51,37,88,0.0,0.0,1,0,0.0,0,3,0,,,0,0,0,0,0,0,0,0,0,0,0,0,0,0,0,0,0,0,0,0,0,0,0,0,0,0,0,0,0,0,0,0,0,0,0,0,0,0,0,0,0,0,0,0,11,,,,,0
224,https://www.sports-reference.com/cfb/players/cameron-kinley-1.html,8,19,7,26,1.0,0.0,1,4,4.0,0,5,0,,,0,0,0,0,0,0,0,0,0,0,0,0,0,0,0,0,0,0,0,0,0,0,0,0,0,0,0,0,0,0,0,0,0,0,0,0,0,0,0,0,0,0,0,0,0,0,0,0,0,0
225,https://www.sports-reference.com/cfb/players/logan-klusman-1.html,,,,,,,,,,,,,,,,0,0,0,0,0,0,0,0,0,0,0,0,0,0,0,0,0,0,0,0,0,0,0,0,0,0,0,0,0,0,0,0,0,0,0,0,0,0,0,0,0,0,0,0,0,0,0,0,0
226,https://www.sports-reference.com/cfb/players/brenden-knox-1.html,9,1,0,1,0.0,0.0,0,0,,0,0,0,,,0,0,0,0,0,0,0,0,0,0,0,9,185,887,4.8,9,7,86,12.3,1,192,973,5.1,10,0,0,0,0,0,0,0,0,0,0,0,0,0,0,0,0,0,0,0,0,9,,10,,,60
227,https://www.sports-reference.com/cfb/players/ben-knutson-1.html,0,0,0,0,0,0,0,0,0,0,0,0,0,0,0,0,0,0,0,0,0,0,0,0,0,0,0,0,0,0,0,0,0,0,0,0,0,0,0,0,0,0,0,0,0,0,0,0,0,0,0,0,0,0,0,0,0,0,0,0,0,0,0,0
228,https://www.sports-reference.com/cfb/players/malcolm-koonce-1.html,6,16,14,30,6.5,5.0,0,0,,0,2,0,,,0,0,0,0,0,0,0,0,0,0,0,0,0,0,0,0,0,0,0,0,0,0,0,0,0,0,0,0,0,0,0,0,0,0,0,0,0,0,0,0,0,0,0,0,0,0,0,0,0,0
229,https://www.sports-reference.com/cfb/players/tommy-kraemer-1.html,0,0,0,0,0,0,0,0,0,0,0,0,0,0,0,0,0,0,0,0,0,0,0,0,0,0,0,0,0,0,0,0,0,0,0,0,0,0,0,0,0,0,0,0,0,0,0,0,0,0,0,0,0,0,0,0,0,0,0,0,0,0,0,0
230,https://www.sports-reference.com/cfb/players/adam-krumholz-1.html,2,0,3,3,0.0,0.0,0,0,,0,0,0,,,0,0,0,0,0,0,0,0,0,0,0,0,0,0,0,0,0,0,0,0,0,0,0,0,0,0,0,0,0,0,0,0,0,0,0,0,0,0,0,0,0,0,0,0,0,0,0,0,0,0
231,https://www.sports-reference.com/cfb/players/bruno-labelle-1.html,0,0,0,0,0,0,0,0,0,0,0,0,0,0,0,0,0,0,0,0,0,0,0,0,0,0,0,0,0,0,0,0,0,0,0,0,0,0,0,0,0,0,0,0,0,0,0,0,0,0,0,0,0,0,0,0,0,0,5,,1,,,6
232,https://www.sports-reference.com/cfb/players/trey-lance-1.html,0,0,0,0,0,0,0,0,0,0,0,0,0,0,0,1,15,30,50.0,149,5.0,4.8,2,1,107.1,1,15,143,9.5,2,,,,,15,143,9.5,2,0,0,0,0,0,0,0,0,0,0,0,0,0,0,0,0,0,0,0,0,1,,,,,
233,https://www.sports-reference.com/cfb/players/cole-van-lanen-1.html,,,,,,,,,,,,,,,,0,0,0,0,0,0,0,0,0,0,0,0,0,0,0,0,0,0,0,0,0,0,0,0,0,0,0,0,0,0,0,0,0,0,0,0,0,0,0,0,0,0,0,0,0,0,0,0,0
234,https://www.sports-reference.com/cfb/players/nolan-laufenberg-1.html,1,1,0,1,0.0,0.0,0,0,,0,0,0,,,0,0,0,0,0,0,0,0,0,0,0,0,0,0,0,0,0,0,0,0,0,0,0,0,0,0,0,0,0,0,0,0,0,0,0,0,0,0,0,0,0,0,0,0,0,0,0,0,0,0
235,https://www.sports-reference.com/cfb/players/trevor-lawrence-1.html,10,0,1,1,0.0,0.0,0,0,,0,0,0,,,0,10,231,334,69.2,3153,9.4,10.2,24,5,169.2,10,68,203,3.0,8,1,8,8.0,0,69,211,3.1,8,0,0,0,0,0,0,0,0,0,0,0,0,0,0,0,0,0,0,0,0,10,,8,,,48
236,https://www.sports-reference.com/cfb/players/alex-leatherwood-1.html,0,0,0,0,0,0,0,0,0,0,0,0,0,0,0,0,0,0,0,0,0,0,0,0,0,0,0,0,0,0,0,0,0,0,0,0,0,0,0,0,0,0,0,0,0,0,0,0,0,0,0,0,0,0,0,0,0,0,0,0,0,0,0,0
237,https://www.sports-reference.com/cfb/players/richard-lecounte-iii-1.html,5,16,10,26,1.0,0.0,3,38,12.7,0,4,1,,,0,0,0,0,0,0,0,0,0,0,0,0,0,0,0,0,0,0,0,0,0,0,0,0,0,0,0,0,0,0,0,0,0,0,0,0,0,0,0,0,0,0,0,0,0,0,0,0,0,0
238,https://www.sports-reference.com/cfb/players/riley-lees-1.html,0,0,0,0,0,0,0,0,0,0,0,0,0,0,0,8,2,2,100.0,48,24.0,24.0,0,0,301.6,0,0,0,0,0,0,0,0,0,0,0,0,0,0,0,0,0,0,0,0,0,0,0,0,8,9,74,8.2,0,0,0,,0,8,,2,,,12
239,https://www.sports-reference.com/cfb/players/deommodore-lenoir-1.html,6,25,10,35,0.0,0.0,1,24,24.0,0,0,0,,,1,0,0,0,0,0,0,0,0,0,0,0,0,0,0,0,0,0,0,0,0,0,0,0,0,0,0,0,0,0,0,0,0,0,0,0,0,0,0,0,0,0,0,0,0,0,0,0,0,0
240,https://www.sports-reference.com/cfb/players/walker-little-1.html,0,0,0,0,0,0,0,0,0,0,0,0,0,0,0,0,0,0,0,0,0,0,0,0,0,0,0,0,0,0,0,0,0,0,0,0,0,0,0,0,0,0,0,0,0,0,0,0,0,0,0,0,0,0,0,0,0,0,0,0,0,0,0,0
241,https://www.sports-reference.com/cfb/players/jeremiah-littles-1.html,8,20,12,32,6.0,3.0,0,0,,0,0,0,,,0,0,0,0,0,0,0,0,0,0,0,0,0,0,0,0,0,0,0,0,0,0,0,0,0,0,0,0,0,0,0,0,0,0,0,0,0,0,0,0,0,0,0,0,0,0,0,0,0,0
242,https://www.sports-reference.com/cfb/players/roy-lopez-1.html,5,10,8,18,4.0,1.0,0,0,,0,0,0,,,0,0,0,0,0,0,0,0,0,0,0,0,0,0,0,0,0,0,0,0,0,0,0,0,0,0,0,0,0,0,0,0,0,0,0,0,0,0,0,0,0,0,0,0,0,0,0,0,0,0
243,https://www.sports-reference.com/cfb/players/isaiahh-loudermilk-1.html,6,9,4,13,2.5,2.0,0,0,,0,0,0,,,0,0,0,0,0,0,0,0,0,0,0,0,0,0,0,0,0,0,0,0,0,0,0,0,0,0,0,0,0,0,0,0,0,0,0,0,0,0,0,0,0,0,0,0,0,0,0,0,0,0
244,https://www.sports-reference.com/cfb/players/blake-lynch-2.html,9,0,0,0,0.0,0.0,0,0,,0,0,0,,,0,0,0,0,0,0,0,0,0,0,0,0,0,0,0,0,0,0,0,0,0,0,0,0,9,30,30,100.0,12,17,70.6,66,0,0,,0,0,0,0,0,0,0,0,0,9,,,,,66
245,https://www.sports-reference.com/cfb/players/artayvious-lynn-1.html,4,0,0,0,0.0,0.0,0,0,,0,0,0,,,0,0,0,0,0,0,0,0,0,0,0,0,0,0,0,0,0,0,0,0,0,0,0,0,0,0,0,0,0,0,0,0,0,0,0,0,0,0,0,0,0,0,0,0,4,,1,,,6
246,https://www.sports-reference.com/cfb/players/branden-mack-1.html,7,1,0,1,0.0,0.0,0,0,,0,0,0,,,1,7,1,3,33.3,35,11.7,11.7,0,0,131.3,0,0,0,0,0,0,0,0,0,0,0,0,0,0,0,0,0,0,0,0,0,0,0,0,7,0,0,,0,0,0,,0,7,,3,,,18
247,https://www.sports-reference.com/cfb/players/torrance-marable-1.html,12,1,1,2,0.0,0.0,0,0,,0,0,0,,,0,0,0,0,0,0,0,0,0,0,0,12,169,887,5.2,12,31,228,7.4,7,200,1115,5.6,19,0,0,0,0,0,0,0,0,0,0,0,0,0,0,0,0,0,0,0,0,12,,19,,,114
248,https://www.sports-reference.com/cfb/players/jonathan-marshall-1.html,10,19,16,35,6.5,1.0,0,0,,0,1,0,,,1,0,0,0,0,0,0,0,0,0,0,0,0,0,0,0,0,0,0,0,0,0,0,0,0,0,0,0,0,0,0,0,0,0,0,0,0,0,0,0,0,0,0,0,0,0,0,0,0,0
249,https://www.sports-reference.com/cfb/players/ben-mason-1.html,2,0,0,0,0.0,0.0,0,0,,0,0,0,,,0,0,0,0,0,0,0,0,0,0,0,2,0,0,,0,2,17,8.5,1,2,17,8.5,1,0,0,0,0,0,0,0,0,0,0,0,0,0,0,0,0,0,0,0,0,2,,1,,,6
250,https://www.sports-reference.com/cfb/players/khalil-mcclain-1.html,10,0,1,1,0.0,0.0,0,0,,0,0,0,,,0,10,0,0,,0,,,0,0,,0,0,0,0,0,0,0,0,0,0,0,0,0,0,0,0,0,0,0,0,0,0,0,0,0,0,0,0,0,0,0,0,0,10,,6,,,36
251,https://www.sports-reference.com/cfb/players/jaylon-mcclain-sapp-1.html,10,23,8,31,0.5,0.0,0,0,,0,6,0,,,0,0,0,0,0,0,0,0,0,0,0,0,0,0,0,0,0,0,0,0,0,0,0,0,0,0,0,0,0,0,0,0,0,0,0,0,0,0,0,0,0,0,0,0,0,0,0,0,0,0
252,https://www.sports-reference.com/cfb/players/nick-mccloud-1.html,11,22,11,33,2.0,0.0,1,0,0.0,0,8,2,,,0,0,0,0,0,0,0,0,0,0,0,0,0,0,0,0,0,0,0,0,0,0,0,0,0,0,0,0,0,0,0,0,0,0,0,0,0,0,0,0,0,0,0,0,0,0,0,0,0,0
253,https://www.sports-reference.com/cfb/players/sandon-mccoy-1.html,11,1,0,1,0.0,0.0,0,0,,0,0,0,,,0,0,0,0,0,0,0,0,0,0,0,11,86,268,3.1,10,1,-4,-4.0,0,87,264,3.0,10,0,0,0,0,0,0,0,0,0,0,0,0,0,0,0,0,0,0,0,0,11,,10,,,60
254,https://www.sports-reference.com/cfb/players/greg-mccrae-1.html,10,1,0,1,0.0,0.0,0,0,,0,0,0,,,0,0,0,0,0,0,0,0,0,0,0,10,149,758,5.1,10,14,98,7.0,0,163,856,5.3,10,0,0,0,0,0,0,0,0,0,0,0,0,0,0,0,0,0,0,0,0,10,,10,,,60
255,https://www.sports-reference.com/cfb/players/tre-mckitty-1.html,0,0,0,0,0,0,0,0,0,0,0,0,0,0,0,0,0,0,0,0,0,0,0,0,0,0,0,0,0,0,0,0,0,0,0,0,0,0,0,0,0,0,0,0,0,0,0,0,0,0,0,0,0,0,0,0,0,0,4,,1,,,6
256,https://www.sports-reference.com/cfb/players/romeo-mcknight-1.html,5,11,12,23,4.5,1.0,0,0,,0,0,0,,,0,0,0,0,0,0,0,0,0,0,0,0,0,0,0,0,0,0,0,0,0,0,0,0,0,0,0,0,0,0,0,0,0,0,0,0,0,0,0,0,0,0,0,0,0,0,0,0,0,0
257,https://www.sports-reference.com/cfb/players/isaiah-mckoy-1.html,4,0,0,0,0.0,0.0,0,0,,0,0,0,,,0,0,0,0,0,0,0,0,0,0,0,0,0,0,0,0,0,0,0,0,0,0,0,0,0,0,0,0,0,0,0,0,0,0,0,0,0,0,0,0,0,0,0,0,4,,5,,,30
258,https://www.sports-reference.com/cfb/players/racey-mcmath-1.html,5,2,0,2,0.0,0.0,0,0,,0,0,0,,,1,0,0,0,0,0,0,0,0,0,0,0,0,0,0,0,0,0,0,0,0,0,0,0,0,0,0,0,0,0,0,0,0,0,0,0,0,0,0,0,0,0,0,0,5,,1,,,6
259,https://www.sports-reference.com/cfb/players/joshua-mcmillon-1.html,4,4,5,9,1.0,0.0,0,0,,0,1,0,,,0,0,0,0,0,0,0,0,0,0,0,0,0,0,0,0,0,0,0,0,0,0,0,0,0,0,0,0,0,0,0,0,0,0,0,0,0,0,0,0,0,0,0,0,0,0,0,0,0,0
260,https://www.sports-reference.com/cfb/players/zech-mcphearson-1.html,10,47,6,53,1.0,0.0,4,21,5.3,0,6,2,,1,0,0,0,0,0,0,0,0,0,0,0,0,0,0,0,0,0,0,0,0,0,0,0,0,0,0,0,0,0,0,0,0,0,0,0,10,0,0,,0,0,0,,0,10,1,2,,,6
261,https://www.sports-reference.com/cfb/players/evan-mcpherson-1.html,11,0,0,0,0.0,0.0,0,0,,0,0,0,,,0,0,0,0,0,0,0,0,0,0,0,0,0,0,0,0,0,0,0,0,0,0,0,0,11,52,52,100.0,17,22,77.3,103,0,0,,0,0,0,0,0,0,0,0,0,11,,,,,103
262,https://www.sports-reference.com/cfb/players/trae-meadows-1.html,9,20,7,27,2.5,1.0,1,-5,-5.0,0,5,0,,,1,0,0,0,0,0,0,0,0,0,0,0,0,0,0,0,0,0,0,0,0,0,0,0,0,0,0,0,0,0,0,0,0,0,0,0,0,0,0,0,0,0,0,0,0,0,0,0,0,0
263,https://www.sports-reference.com/cfb/players/ifeatu-melifonwu-1.html,10,43,11,54,3.0,1.0,1,0,0.0,0,6,0,,,0,0,0,0,0,0,0,0,0,0,0,0,0,0,0,0,0,0,0,0,0,0,0,0,0,0,0,0,0,0,0,0,0,0,0,0,0,0,0,0,0,0,0,0,0,0,0,0,0,0
264,https://www.sports-reference.com/cfb/players/jordan-meredith-1.html,0,0,0,0,0,0,0,0,0,0,0,0,0,0,0,0,0,0,0,0,0,0,0,0,0,0,0,0,0,0,0,0,0,0,0,0,0,0,0,0,0,0,0,0,0,0,0,0,0,0,0,0,0,0,0,0,0,0,1,0,1,,,6
265,https://www.sports-reference.com/cfb/players/forrest-merrill-1.html,11,23,19,42,6.5,2.0,0,0,,0,0,2,,,1,0,0,0,0,0,0,0,0,0,0,0,0,0,0,0,0,0,0,0,0,0,0,0,0,0,0,0,0,0,0,0,0,0,0,0,0,0,0,0,0,0,0,0,0,0,0,0,0,0
266,https://www.sports-reference.com/cfb/players/scott-meyer-1.html,1,1,0,1,0.0,0.0,0,0,,0,0,0,,,0,0,0,0,0,0,0,0,0,0,0,0,0,0,0,0,0,0,0,0,0,0,0,0,0,0,0,0,0,0,0,0,0,0,0,0,0,0,0,0,0,0,0,0,0,0,0,0,0,0
267,https://www.sports-reference.com/cfb/players/davis-mills-1.html,5,1,0,1,0.0,0.0,0,0,,0,0,0,,,0,5,129,195,66.2,1508,7.7,7.8,7,3,139.9,5,30,37,1.2,3,0,0,,0,30,37,1.2,3,0,0,0,0,0,0,0,0,0,0,0,0,0,0,0,0,0,0,0,0,5,,3,,,18
268,https://www.sports-reference.com/cfb/players/dedrick-mills-1.html,6,0,0,0,0.0,0.0,0,0,,0,0,0,,,0,6,0,0,,0,,,0,0,,6,84,396,4.7,3,12,85,7.1,0,96,481,5.0,3,0,0,0,0,0,0,0,0,0,0,0,0,0,0,0,0,0,0,0,0,6,,3,,,18
269,https://www.sports-reference.com/cfb/players/dax-milne-1.html,0,0,0,0,0,0,0,0,0,0,0,0,0,0,0,0,0,0,0,0,0,0,0,0,0,0,0,0,0,0,0,0,0,0,0,0,0,0,0,0,0,0,0,0,0,0,0,0,0,12,7,3,0.4,0,0,0,,0,12,,8,,,48
270,https://www.sports-reference.com/cfb/players/andre-mintze-1.html,9,11,10,21,5.5,3.0,0,0,,0,1,1,,,2,0,0,0,0,0,0,0,0,0,0,0,0,0,0,0,0,0,0,0,0,0,0,0,0,0,0,0,0,0,0,0,0,0,0,0,0,0,0,0,0,0,0,0,0,0,0,0,0,0
271,https://www.sports-reference.com/cfb/players/elijah-mitchell-2.html,10,0,0,0,0.0,0.0,0,0,,0,0,0,,,0,0,0,0,0,0,0,0,0,0,0,10,141,878,6.2,8,16,153,9.6,0,157,1031,6.6,8,0,0,0,0,0,0,0,0,0,0,0,0,0,0,0,0,0,0,0,0,10,,8,,,48
272,https://www.sports-reference.com/cfb/players/trevon-moehrig-woodard-1.html,10,30,17,47,2.0,0.0,2,0,0.0,0,9,0,,,0,0,0,0,0,0,0,0,0,0,0,0,0,0,0,0,0,0,0,0,0,0,0,0,0,0,0,0,0,0,0,0,0,0,0,10,1,6,6.0,0,0,0,,0,0,0,0,0,0,0
273,https://www.sports-reference.com/cfb/players/elijah-molden-1.html,4,21,5,26,1.0,0.0,1,24,24.0,0,1,0,,,0,0,0,0,0,0,0,0,0,0,0,0,0,0,0,0,0,0,0,0,0,0,0,0,0,0,0,0,0,0,0,0,0,0,0,0,0,0,0,0,0,0,0,0,0,0,0,0,0,0
274,https://www.sports-reference.com/cfb/players/briley-moore-1.html,9,1,0,1,0.0,0.0,0,0,,0,0,0,,,0,0,0,0,0,0,0,0,0,0,0,0,0,0,0,0,0,0,0,0,0,0,0,0,0,0,0,0,0,0,0,0,0,0,0,0,0,0,0,0,0,0,0,0,9,,3,,,18
275,https://www.sports-reference.com/cfb/players/jaylon-moore-1.html,0,0,0,0,0,0,0,0,0,0,0,0,0,0,0,0,0,0,0,0,0,0,0,0,0,0,0,0,0,0,0,0,0,0,0,0,0,0,0,0,0,0,0,0,0,0,0,0,0,0,0,0,0,0,0,0,0,0,0,0,0,0,0,0
276,https://www.sports-reference.com/cfb/players/rondale-moore-1.html,3,0,0,0,0.0,0.0,0,0,,0,0,0,,,0,3,0,0,,0,,,0,0,,0,0,0,0,0,0,0,0,0,0,0,0,0,0,0,0,0,0,0,0,0,0,0,0,0,0,0,0,0,0,0,0,0,3,,1,,,6
277,https://www.sports-reference.com/cfb/players/elijah-moore-1.html,8,2,0,2,0.0,0.0,0,0,,0,0,0,,,0,8,1,1,100.0,2,2.0,2.0,0,0,116.8,0,0,0,0,0,0,0,0,0,0,0,0,0,0,0,0,0,0,0,0,0,0,0,0,8,3,9,3.0,0,0,0,,0,8,,8,,,48
278,https://www.sports-reference.com/cfb/players/david-moore-5.html,1,0,0,0,0.0,0.0,0,0,,0,1,0,,,0,1,0,0,,0,,,0,0,,1,0,0,,0,0,0,,0,0,0,,0,0,0,0,0,0,0,0,0,0,0,0,0,0,0,0,0,0,0,0,0,1,,,,,0
279,https://www.sports-reference.com/cfb/players/quintin-morris-1.html,5,0,0,0,0.0,0.0,0,0,,0,0,0,,,0,0,0,0,0,0,0,0,0,0,0,0,0,0,0,0,0,0,0,0,0,0,0,0,0,0,0,0,0,0,0,0,0,0,0,0,0,0,0,0,0,0,0,0,5,,,,,0
280,https://www.sports-reference.com/cfb/players/jimmy-morrissey-1.html,,,,,,,,,,,,,,,,0,0,0,0,0,0,0,0,0,0,0,0,0,0,0,0,0,0,0,0,0,0,0,0,0,0,0,0,0,0,0,0,0,0,0,0,0,0,0,0,0,0,0,0,0,0,0,0,0
281,https://www.sports-reference.com/cfb/players/ej-muhammad-1.html,8,17,15,32,3.5,0.0,1,32,32.0,0,3,0,,,0,0,0,0,0,0,0,0,0,0,0,0,0,0,0,0,0,0,0,0,0,0,0,0,0,0,0,0,0,0,0,0,0,0,0,0,0,0,0,0,0,0,0,0,8,,,,,0
282,https://www.sports-reference.com/cfb/players/israel-mukuamu-1.html,5,6,4,10,0.0,0.0,2,56,28.0,0,0,0,,,0,0,0,0,0,0,0,0,0,0,0,0,0,0,0,0,0,0,0,0,0,0,0,0,0,0,0,0,0,0,0,0,0,0,0,0,0,0,0,0,0,0,0,0,5,,,,,0
283,https://www.sports-reference.com/cfb/players/josh-myers-1.html,0,0,0,0,0,0,0,0,0,0,0,0,0,0,0,0,0,0,0,0,0,0,0,0,0,0,0,0,0,0,0,0,0,0,0,0,0,0,0,0,0,0,0,0,0,0,0,0,0,0,0,0,0,0,0,0,0,0,0,0,0,0,0,0
284,https://www.sports-reference.com/cfb/players/jonathan-nance-1.html,12,1,0,1,0.0,0.0,0,0,,0,0,0,,,0,0,0,0,0,0,0,0,0,0,0,0,0,0,0,0,0,0,0,0,0,0,0,0,0,0,0,0,0,0,0,0,0,0,0,0,0,0,0,0,0,0,0,0,12,,4,,,24
285,https://www.sports-reference.com/cfb/players/hamsah-nasirildeen-1.html,2,5,8,13,1.5,0.0,1,25,25.0,0,1,0,,,0,0,0,0,0,0,0,0,0,0,0,0,0,0,0,0,0,0,0,0,0,0,0,0,0,0,0,0,0,0,0,0,0,0,0,0,0,0,0,0,0,0,0,0,2,,,,,0
286,https://www.sports-reference.com/cfb/players/lorenzo-neal-2.html,5,6,4,10,1.5,0.0,0,0,,0,2,0,,,0,0,0,0,0,0,0,0,0,0,0,0,0,0,0,0,0,0,0,0,0,0,0,0,0,0,0,0,0,0,0,0,0,0,0,0,0,0,0,0,0,0,0,0,0,0,0,0,0,0
287,https://www.sports-reference.com/cfb/players/ryan-neuzil-1.html,1,1,0,1,0.0,0.0,0,0,,0,0,0,,,0,0,0,0,0,0,0,0,0,0,0,0,0,0,0,0,0,0,0,0,0,0,0,0,0,0,0,0,0,0,0,0,0,0,0,0,0,0,0,0,0,0,0,0,0,0,0,0,0,0
288,https://www.sports-reference.com/cfb/players/royce-newman-1.html,1,0,1,1,0.0,0.0,0,0,,0,0,0,,,0,0,0,0,0,0,0,0,0,0,0,0,0,0,0,0,0,0,0,0,0,0,0,0,0,0,0,0,0,0,0,0,0,0,0,0,0,0,0,0,0,0,0,0,0,0,0,0,0,0
289,https://www.sports-reference.com/cfb/players/jamie-newman-1.html,0,0,0,0,0,0,0,0,0,0,0,0,0,0,0,,,,,,,,,,,,,,,,,,,,0,0,,0,0,0,0,0,0,0,0,0,0,0,0,0,0,0,0,0,0,0,0,0,,,,,,0
290,https://www.sports-reference.com/cfb/players/dazz-newsome-1.html,12,1,0,1,0.0,0.0,0,0,,0,0,0,,,0,12,0,0,,0,,,0,0,,0,0,0,0,0,0,0,0,0,0,0,0,0,0,0,0,0,0,0,0,0,0,0,0,12,17,168,9.9,0,1,19,19.0,0,12,,7,,,42
291,https://www.sports-reference.com/cfb/players/greg-newsome-ii-1.html,3,8,4,12,0.0,0.0,1,0,0.0,0,7,0,,,0,0,0,0,0,0,0,0,0,0,0,0,0,0,0,0,0,0,0,0,0,0,0,0,0,0,0,0,0,0,0,0,0,0,0,0,0,0,0,0,0,0,0,0,0,0,0,0,0,0
292,https://www.sports-reference.com/cfb/players/nick-niemann-1.html,8,37,40,77,2.5,0.0,0,0,,0,0,1,,,0,0,0,0,0,0,0,0,0,0,0,0,0,0,0,0,0,0,0,0,0,0,0,0,0,0,0,0,0,0,0,0,0,0,0,0,0,0,0,0,0,0,0,0,8,,,,,0
293,https://www.sports-reference.com/cfb/players/daviyon-nixon-1.html,8,22,23,45,13.5,5.5,1,71,71.0,1,0,0,,,1,0,0,0,0,0,0,0,0,0,0,0,0,0,0,0,0,0,0,0,0,0,0,0,0,0,0,0,0,0,0,0,0,0,0,0,0,0,0,0,0,0,0,0,8,,1,,,6
294,https://www.sports-reference.com/cfb/players/tre-nixon-1.html,0,0,0,0,0,0,0,0,0,0,0,0,0,0,0,0,0,0,0,0,0,0,0,0,0,0,0,0,0,0,0,0,0,0,0,0,0,0,0,0,0,0,0,0,0,0,0,0,0,0,0,0,0,0,0,0,0,0,4,,2,,,12
295,https://www.sports-reference.com/cfb/players/tre-norwood-1.html,10,13,10,23,0.0,0.0,5,98,19.6,1,2,0,,,0,0,0,0,0,0,0,0,0,0,0,0,0,0,0,0,0,0,0,0,0,0,0,0,0,0,0,0,0,0,0,0,0,0,0,0,0,0,0,0,0,0,0,0,10,,1,,,6
296,https://www.sports-reference.com/cfb/players/antonio-nunn-1.html,7,0,0,0,0.0,0.0,0,0,,0,0,0,,,0,0,0,0,0,0,0,0,0,0,0,0,0,0,0,0,0,0,0,0,0,0,0,0,0,0,0,0,0,0,0,0,0,0,0,7,0,0,,0,2,2,1.0,0,7,,2,,,12
297,https://www.sports-reference.com/cfb/players/dayo-odeyingbo-1.html,8,15,17,32,8.0,5.5,0,0,,0,1,0,,,0,0,0,0,0,0,0,0,0,0,0,0,0,0,0,0,0,0,0,0,0,0,0,0,0,0,0,0,0,0,0,0,0,0,0,0,0,0,0,0,0,0,0,0,0,0,0,0,0,0
298,https://www.sports-reference.com/cfb/players/nick-oelrich-1.html,1,1,1,2,0.0,0.0,0,0,,0,0,0,,,0,0,0,0,0,0,0,0,0,0,0,0,0,0,0,0,0,0,0,0,0,0,0,0,0,0,0,0,0,0,0,0,0,0,0,0,0,0,0,0,0,0,0,0,0,0,0,0,0,0
299,https://www.sports-reference.com/cfb/players/amen-ogbongbemiga-1.html,11,50,30,80,5.0,2.5,0,0,,0,0,2,,,3,0,0,0,0,0,0,0,0,0,0,0,0,0,0,0,0,0,0,0,0,0,0,0,0,0,0,0,0,0,0,0,0,0,0,11,0,0,,0,0,0,,0,0,0,0,0,0,0
300,https://www.sports-reference.com/cfb/players/adetokunbo-ogundeji-1.html,10,13,7,20,6.0,6.0,0,0,,0,0,0,,,1,0,0,0,0,0,0,0,0,0,0,0,0,0,0,0,0,0,0,0,0,0,0,0,0,0,0,0,0,0,0,0,0,0,0,0,0,0,0,0,0,0,0,0,10,,,,,0
301,https://www.sports-reference.com/cfb/players/azeez-ojulari-1.html,10,22,9,31,12.5,9.5,0,0,,0,2,1,,,4,0,0,0,0,0,0,0,0,0,0,0,0,0,0,0,0,0,0,0,0,0,0,0,0,0,0,0,0,0,0,0,0,0,0,0,0,0,0,0,0,0,0,0,0,0,0,0,0,0
302,https://www.sports-reference.com/cfb/players/levi-onwuzurike-1.html,,,,,,,,,,,,,,,,0,0,0,0,0,0,0,0,0,0,0,0,0,0,0,0,0,0,0,0,0,0,0,0,0,0,0,0,0,0,0,0,0,0,,,,,,,,,,0,0,0,0,0,0
303,https://www.sports-reference.com/cfb/players/joseph-ossai-1.html,9,25,30,55,15.5,5.5,0,0,,0,2,1,,,3,0,0,0,0,0,0,0,0,0,0,0,0,0,0,0,0,0,0,0,0,0,0,0,0,0,0,0,0,0,0,0,0,0,0,0,0,0,0,0,0,0,0,0,0,0,0,0,0,0
304,https://www.sports-reference.com/cfb/players/jayson-oweh-1.html,7,20,18,38,6.5,0.0,0,0,,0,1,0,,,0,0,0,0,0,0,0,0,0,0,0,0,0,0,0,0,0,0,0,0,0,0,0,0,0,0,0,0,0,0,0,0,0,0,0,0,0,0,0,0,0,0,0,0,0,0,0,0,0,0
305,https://www.sports-reference.com/cfb/players/jeremiah-owusu-koramoah-1.html,12,42,20,62,11.0,1.5,1,0,0.0,0,3,2,,1,3,0,0,0,0,0,0,0,0,0,0,0,0,0,0,0,0,0,0,0,0,0,0,0,0,0,0,0,0,0,0,0,0,0,0,0,0,0,0,0,0,0,0,0,12,0,1,,,6
306,https://www.sports-reference.com/cfb/players/jr-pace-1.html,8,25,16,41,1.5,0.0,1,0,0.0,0,3,0,,,0,0,0,0,0,0,0,0,0,0,0,0,0,0,0,0,0,0,0,0,0,0,0,0,0,0,0,0,0,0,0,0,0,0,0,0,0,0,0,0,0,0,0,0,0,0,0,0,0,0
307,https://www.sports-reference.com/cfb/players/aj-parker-1.html,9,32,8,40,3.5,0.0,1,37,37.0,1,4,0,,,0,0,0,0,0,0,0,0,0,0,0,0,0,0,0,0,0,0,0,0,0,0,0,0,0,0,0,0,0,0,0,0,0,0,0,9,1,17,17.0,0,0,0,,0,9,,1,,,6
308,https://www.sports-reference.com/cfb/players/micah-parsons-1.html,,,,,,,,,,,,,,,,0,0,0,0,0,0,0,0,0,0,0,0,0,0,0,0,0,0,0,0,0,0,0,0,0,0,0,0,0,0,0,0,0,0,0,0,0,0,0,0,0,0,0,0,0,0,0,0,0
309,https://www.sports-reference.com/cfb/players/jaret-patterson-1.html,0,0,0,0,0,0,0,0,0,0,0,0,0,0,0,0,0,0,0,0,0,0,0,0,0,6,141,1072,7.6,19,0,0,,0,141,1072,7.6,19,0,0,0,0,0,0,0,0,0,0,0,0,0,0,0,0,0,0,0,0,6,,19,,,114
310,https://www.sports-reference.com/cfb/players/jarrett-patterson-1.html,0,0,0,0,0,0,0,0,0,0,0,0,0,0,0,0,0,0,0,0,0,0,0,0,0,0,0,0,0,0,0,0,0,0,0,0,0,0,0,0,0,0,0,0,0,0,0,0,0,0,0,0,0,0,0,0,0,0,0,0,0,0,0,0
311,https://www.sports-reference.com/cfb/players/riley-patterson-1.html,11,1,0,1,0.0,0.0,0,0,,0,0,0,,,0,11,0,0,,0,,,0,0,,0,0,0,0,0,0,0,0,0,0,0,0,0,11,36,37,97.3,15,22,68.2,81,0,0,,0,0,0,0,0,0,0,0,0,11,,,,,81
312,https://www.sports-reference.com/cfb/players/kwity-paye-1.html,4,12,4,16,4.0,2.0,0,0,,0,0,0,,,0,0,0,0,0,0,0,0,0,0,0,0,0,0,0,0,0,0,0,0,0,0,0,0,0,0,0,0,0,0,0,0,0,0,0,0,0,0,0,0,0,0,0,0,0,0,0,0,0,0
313,https://www.sports-reference.com/cfb/players/josh-pederson-1.html,10,0,0,0,0.0,0.0,0,0,,0,0,0,,,0,10,0,1,0.0,0,0.0,0.0,0,0,0.0,0,0,0,0,0,0,0,0,0,0,0,0,0,0,0,0,0,0,0,0,0,0,0,0,0,0,0,0,0,0,0,0,0,10,,,,,0
314,https://www.sports-reference.com/cfb/players/ronnie-perkins-1.html,6,16,7,23,10.5,5.5,0,0,,0,0,0,,,0,0,0,0,0,0,0,0,0,0,0,0,0,0,0,0,0,0,0,0,0,0,0,0,0,0,0,0,0,0,0,0,0,0,0,0,0,0,0,0,0,0,0,0,0,0,0,0,0,0
315,https://www.sports-reference.com/cfb/players/jordyn-peters-1.html,10,26,16,42,1.0,0.0,1,35,35.0,0,4,0,,,0,0,0,0,0,0,0,0,0,0,0,0,0,0,0,0,0,0,0,0,0,0,0,0,0,0,0,0,0,0,0,0,0,0,0,10,1,4,4.0,1,0,0,,0,10,,1,,,6
316,https://www.sports-reference.com/cfb/players/jaelan-phillips-1.html,10,21,24,45,15.5,8.0,1,0,0.0,0,3,0,,,0,0,0,0,0,0,0,0,0,0,0,0,0,0,0,0,0,0,0,0,0,0,0,0,0,0,0,0,0,0,0,0,0,0,0,0,0,0,0,0,0,0,0,0,0,0,0,0,0,0
317,https://www.sports-reference.com/cfb/players/whop-philyor-1.html,8,1,0,1,0.0,0.0,0,0,,0,0,0,,,0,0,0,0,0,0,0,0,0,0,0,0,0,0,0,0,0,0,0,0,0,0,0,0,0,0,0,0,0,0,0,0,0,0,0,8,0,0,,0,0,0,,0,8,,3,,,18
318,https://www.sports-reference.com/cfb/players/nick-pickett-1.html,6,24,15,39,0.0,0.0,0,0,,0,0,0,,,0,0,0,0,0,0,0,0,0,0,0,0,0,0,0,0,0,0,0,0,0,0,0,0,0,0,0,0,0,0,0,0,0,0,0,0,0,0,0,0,0,0,0,0,0,0,0,0,0,0
319,https://www.sports-reference.com/cfb/players/jason-pinnock-1.html,9,17,3,20,1.0,0.0,3,20,6.7,0,5,0,,,0,0,0,0,0,0,0,0,0,0,0,0,0,0,0,0,0,0,0,0,0,0,0,0,0,0,0,0,0,0,0,0,0,0,0,0,0,0,0,0,0,0,0,0,9,,,,,0
320,https://www.sports-reference.com/cfb/players/kyle-pitts-1.html,0,0,0,0,0,0,0,0,0,0,0,0,0,0,0,0,0,0,0,0,0,0,0,0,0,0,0,0,0,0,0,0,0,0,0,0,0,0,0,0,0,0,0,0,0,0,0,0,0,0,0,0,0,0,0,0,0,0,8,,12,,,72
321,https://www.sports-reference.com/cfb/players/kyle-poland-1.html,1,1,0,1,0.0,0.0,0,0,,0,0,0,,,0,0,0,0,0,0,0,0,0,0,0,0,0,0,0,0,0,0,0,0,0,0,0,0,0,0,0,0,0,0,0,0,0,0,0,0,0,0,0,0,0,0,0,0,0,0,0,0,0,0
322,https://www.sports-reference.com/cfb/players/elijah-ponder-1.html,8,8,13,21,3.5,0.5,0,0,,0,1,0,,,0,0,0,0,0,0,0,0,0,0,0,0,0,0,0,0,0,0,0,0,0,0,0,0,0,0,0,0,0,0,0,0,0,0,0,0,0,0,0,0,0,0,0,0,0,0,0,0,0,0
323,https://www.sports-reference.com/cfb/players/cornell-powell-1.html,12,3,0,3,0.0,0.0,0,0,,0,0,0,,,0,0,0,0,0,0,0,0,0,0,0,0,0,0,0,0,0,0,0,0,0,0,0,0,0,0,0,0,0,0,0,0,0,0,0,0,0,0,0,0,0,0,0,0,12,,7,,,42
324,https://www.sports-reference.com/cfb/players/blake-proehl-1.html,9,0,0,0,0.0,0.0,0,0,,0,0,0,,,0,0,0,0,0,0,0,0,0,0,0,0,0,0,0,0,0,0,0,0,0,0,0,0,0,0,0,0,0,0,0,0,0,0,0,9,1,46,46.0,1,0,0,,0,9,,5,,,30
325,https://www.sports-reference.com/cfb/players/john-raine-1.html,0,0,0,0,0,0,0,0,0,0,0,0,0,0,0,0,0,0,0,0,0,0,0,0,0,0,0,0,0,0,0,0,0,0,0,0,0,0,0,0,0,0,0,0,0,0,0,0,0,0,0,0,0,0,0,0,0,0,6,,2,,,12
326,https://www.sports-reference.com/cfb/players/peyton-ramsey-1.html,9,2,0,2,0.0,0.0,0,0,,0,0,0,,,0,9,172,282,61.0,1733,6.1,5.7,12,8,121.0,9,84,247,2.9,3,0,0,,0,84,247,2.9,3,0,0,0,0,0,0,0,0,0,0,0,0,0,0,0,0,0,0,0,0,9,,3,,,18
327,https://www.sports-reference.com/cfb/players/hamilcar-rashed-jr-1.html,7,15,8,23,2.0,0.0,0,0,,0,1,0,,,0,0,0,0,0,0,0,0,0,0,0,0,0,0,0,0,0,0,0,0,0,0,0,0,0,0,0,0,0,0,0,0,0,0,0,7,1,49,49.0,0,0,0,,0,0,0,0,0,0,0
328,https://www.sports-reference.com/cfb/players/jon-rhattigan-1.html,11,33,45,78,9.0,1.5,2,93,46.5,1,2,2,,,0,0,0,0,0,0,0,0,0,0,0,0,0,0,0,0,0,0,0,0,0,0,0,0,0,0,0,0,0,0,0,0,0,0,0,0,0,0,0,0,0,0,0,0,11,,1,,,6
329,https://www.sports-reference.com/cfb/players/monty-rice-2.html,9,30,19,49,4.0,1.0,0,0,,0,1,1,,1,2,0,0,0,0,0,0,0,0,0,0,0,0,0,0,0,0,0,0,0,0,0,0,0,0,0,0,0,0,0,0,0,0,0,0,0,0,0,0,0,0,0,0,0,9,0,1,,,6
330,https://www.sports-reference.com/cfb/players/aaron-robinson-2.html,9,31,10,41,1.0,0.0,0,0,,0,6,1,,,1,0,0,0,0,0,0,0,0,0,0,0,0,0,0,0,0,0,0,0,0,0,0,0,0,0,0,0,0,0,0,0,0,0,0,0,0,0,0,0,0,0,0,0,0,0,0,0,0,0
331,https://www.sports-reference.com/cfb/players/curtis-robinson-1.html,4,18,10,28,0.0,0.0,0,0,,0,1,0,,,0,0,0,0,0,0,0,0,0,0,0,0,0,0,0,0,0,0,0,0,0,0,0,0,0,0,0,0,0,0,0,0,0,0,0,4,0,0,,0,0,0,,0,0,0,0,0,0,0
332,https://www.sports-reference.com/cfb/players/quincy-roche-1.html,10,27,18,45,14.5,4.5,0,0,,0,1,3,,,2,0,0,0,0,0,0,0,0,0,0,0,0,0,0,0,0,0,0,0,0,0,0,0,0,0,0,0,0,0,0,0,0,0,0,0,0,0,0,0,0,0,0,0,0,0,0,0,0,0
333,https://www.sports-reference.com/cfb/players/amari-rodgers-1.html,12,1,1,2,0.0,0.0,0,0,,0,0,0,,,0,12,1,1,100.0,8,8.0,8.0,0,0,167.2,0,0,0,0,0,0,0,0,0,0,0,0,0,0,0,0,0,0,0,0,0,0,0,0,12,9,64,7.1,0,0,0,,0,12,,7,,,42
334,https://www.sports-reference.com/cfb/players/asim-rose-1.html,0,0,0,0,0,0,0,0,0,0,0,0,0,0,0,11,0,0,,0,,,0,0,,11,106,666,6.3,2,10,83,8.3,0,116,749,6.5,2,0,0,0,0,0,0,0,0,0,0,0,0,0,0,0,0,0,0,0,0,11,,2,,,12
335,https://www.sports-reference.com/cfb/players/zach-von-rosenberg-1.html,0,0,0,0,0,0,0,0,0,0,0,0,0,0,0,9,0,0,,0,,,0,0,,0,0,0,0,0,0,0,0,0,0,0,0,0,0,0,0,0,0,0,0,0,0,0,0,0,0,0,0,0,0,0,0,0,0,0,0,0,0,0
336,https://www.sports-reference.com/cfb/players/larry-rountree-iii-1.html,10,0,1,1,0.0,0.0,0,0,,0,0,0,,,0,0,0,0,0,0,0,0,0,0,0,10,209,972,4.7,14,15,100,6.7,0,224,1072,4.8,14,0,0,0,0,0,0,0,0,0,0,0,0,0,0,0,0,0,0,0,0,10,,14,,,84
337,https://www.sports-reference.com/cfb/players/gregory-rousseau-1.html,,,,,,,,,,,,,,,,0,0,0,0,0,0,0,0,0,0,0,0,0,0,0,0,0,0,0,0,0,0,0,0,0,0,0,0,0,0,0,0,0,0,0,0,0,0,0,0,0,0,0,0,0,0,0,0,0
338,https://www.sports-reference.com/cfb/players/dionte-ruffin-1.html,11,18,5,23,0.0,0.0,2,28,14.0,0,10,1,,,0,0,0,0,0,0,0,0,0,0,0,0,0,0,0,0,0,0,0,0,0,0,0,0,0,0,0,0,0,0,0,0,0,0,0,0,0,0,0,0,0,0,0,0,0,0,0,0,0,0
339,https://www.sports-reference.com/cfb/players/chris-rumph-ii-1.html,11,26,26,52,11.5,8.0,0,0,,0,1,1,,,1,0,0,0,0,0,0,0,0,0,0,0,0,0,0,0,0,0,0,0,0,0,0,0,0,0,0,0,0,0,0,0,0,0,0,0,0,0,0,0,0,0,0,0,0,0,0,0,0,0
340,https://www.sports-reference.com/cfb/players/kj-sails-1.html,8,17,5,22,1.5,0.0,0,0,,0,2,0,,,0,0,0,0,0,0,0,0,0,0,0,0,0,0,0,0,0,0,0,0,0,0,0,0,0,0,0,0,0,0,0,0,0,0,0,8,7,71,10.1,0,0,0,,0,0,0,0,0,0,0
341,https://www.sports-reference.com/cfb/players/teton-saltes-1.html,,,,,,,,,,,,,,,,0,0,0,0,0,0,0,0,0,0,0,0,0,0,0,0,0,0,0,0,0,0,0,0,0,0,0,0,0,0,0,0,0,0,0,0,0,0,0,0,0,0,0,0,0,0,0,0,0
342,https://www.sports-reference.com/cfb/players/cameron-sample-1.html,11,29,23,52,7.5,5.0,0,0,,0,1,0,,,1,0,0,0,0,0,0,0,0,0,0,0,0,0,0,0,0,0,0,0,0,0,0,0,0,0,0,0,0,0,0,0,0,0,0,0,0,0,0,0,0,0,0,0,0,0,0,0,0,0
343,https://www.sports-reference.com/cfb/players/foster-sarell-1.html,0,0,0,0,0,0,0,0,0,0,0,0,0,0,0,0,0,0,0,0,0,0,0,0,0,0,0,0,0,0,0,0,0,0,0,0,0,0,0,0,0,0,0,0,0,0,0,0,0,0,0,0,0,0,0,0,0,0,0,0,0,0,0,0
344,https://www.sports-reference.com/cfb/players/mekhi-sargent-1.html,8,1,0,1,0.0,0.0,0,0,,0,0,0,,,0,0,0,0,0,0,0,0,0,0,0,8,76,432,5.7,7,1,6,6.0,0,77,438,5.7,7,0,0,0,0,0,0,0,0,0,0,0,0,0,0,0,0,0,0,0,0,8,,7,,,42
345,https://www.sports-reference.com/cfb/players/thomas-schaffer-1.html,6,15,5,20,4.0,3.0,0,0,,0,0,0,,,0,0,0,0,0,0,0,0,0,0,0,0,0,0,0,0,0,0,0,0,0,0,0,0,0,0,0,0,0,0,0,0,0,0,0,0,0,0,0,0,0,0,0,0,0,0,0,0,0,0
346,https://www.sports-reference.com/cfb/players/ry-schneider-1.html,0,0,0,0,0,0,0,0,0,0,0,0,0,0,0,0,0,0,0,0,0,0,0,0,0,0,0,0,0,0,0,0,0,0,0,0,0,0,0,0,0,0,0,0,0,0,0,0,0,0,0,0,0,0,0,0,0,0,0,0,0,0,0,0
347,https://www.sports-reference.com/cfb/players/anthony-schwartz-1.html,10,1,0,1,0.0,0.0,0,0,,0,0,0,,,0,0,0,0,0,0,0,0,0,0,0,0,0,0,0,0,0,0,0,0,0,0,0,0,0,0,0,0,0,0,0,0,0,0,0,0,0,0,0,0,0,0,0,0,10,,3,,,18
348,https://www.sports-reference.com/cfb/players/stevie-scott-1.html,0,0,0,0,0,0,0,0,0,0,0,0,0,0,0,0,0,0,0,0,0,0,0,0,0,8,156,561,3.6,10,13,86,6.6,0,169,647,3.8,10,0,0,0,0,0,0,0,0,0,0,0,0,0,0,0,0,0,0,0,0,8,,10,,,60
349,https://www.sports-reference.com/cfb/players/jordon-scott-1.html,6,9,6,15,2.0,1.0,0,0,,0,0,0,,,0,0,0,0,0,0,0,0,0,0,0,0,0,0,0,0,0,0,0,0,0,0,0,0,0,0,0,0,0,0,0,0,0,0,0,0,0,0,0,0,0,0,0,0,0,0,0,0,0,0
350,https://www.sports-reference.com/cfb/players/trey-sermon-1.html,8,0,0,0,0.0,0.0,0,0,,0,0,0,,,0,8,0,0,,0,,,0,0,,8,116,870,7.5,4,12,95,7.9,0,128,965,7.5,4,0,0,0,0,0,0,0,0,0,0,0,0,0,0,0,0,0,0,0,0,8,,4,,,24
351,https://www.sports-reference.com/cfb/players/penei-sewell-1.html,,,,,,,,,,,,,,,,0,0,0,0,0,0,0,0,0,0,,,,,,,,,,0,0,,0,0,0,0,0,0,0,0,0,0,0,0,0,0,0,0,0,0,0,0,0,0,0,0,0,0,0
352,https://www.sports-reference.com/cfb/players/tyler-shelvin-1.html,,,,,,,,,,,,,,,,0,0,0,0,0,0,0,0,0,0,0,0,0,0,0,0,0,0,0,0,0,0,0,0,0,0,0,0,0,0,0,0,0,0,0,0,0,0,0,0,0,0,0,0,0,0,0,0,0
353,https://www.sports-reference.com/cfb/players/william-sherman-1.html,1,1,0,1,0.0,0.0,0,0,,0,0,0,,,0,0,0,0,0,0,0,0,0,0,0,0,0,0,0,0,0,0,0,0,0,0,0,0,0,0,0,0,0,0,0,0,0,0,0,0,0,0,0,0,0,0,0,0,0,0,0,0,0,0
354,https://www.sports-reference.com/cfb/players/jamien-sherwood-1.html,11,44,31,75,3.0,1.0,0,0,,0,3,2,,,0,0,0,0,0,0,0,0,0,0,0,0,0,0,0,0,0,0,0,0,0,0,0,0,0,0,0,0,0,0,0,0,0,0,0,0,0,0,0,0,0,0,0,0,0,0,0,0,0,0
355,https://www.sports-reference.com/cfb/players/jacob-shoemaker-1.html,0,0,0,0,0,0,0,0,0,0,0,0,0,0,0,0,0,0,0,0,0,0,0,0,0,0,0,0,0,0,0,0,0,0,0,0,0,0,0,0,0,0,0,0,0,0,0,0,0,0,0,0,0,0,0,0,0,0,0,0,0,0,0,0
356,https://www.sports-reference.com/cfb/players/george-silvanic-1.html,6,11,23,34,4.5,2.5,0,0,,0,0,0,,,0,0,0,0,0,0,0,0,0,0,0,0,0,0,0,0,0,0,0,0,0,0,0,0,0,0,0,0,0,0,0,0,0,0,0,0,0,0,0,0,0,0,0,0,0,0,0,0,0,0
357,https://www.sports-reference.com/cfb/players/antjuan-simmons-1.html,7,28,47,75,9.0,1.0,0,0,,0,2,2,,,0,0,0,0,0,0,0,0,0,0,0,7,0,0,,0,0,0,,0,0,0,,0,0,0,0,0,0,0,0,0,0,0,0,0,0,0,0,0,0,0,0,0,0,0,0,0,0,0
358,https://www.sports-reference.com/cfb/players/ben-skowronek-1.html,9,2,0,2,0.0,0.0,0,0,,0,0,0,,,0,0,0,0,0,0,0,0,0,0,0,0,0,0,0,0,0,0,0,0,0,0,0,0,0,0,0,0,0,0,0,0,0,0,0,0,0,0,0,0,0,0,0,0,9,,6,,,36
359,https://www.sports-reference.com/cfb/players/rashawn-slater-1.html,,,,,,,,,,,,,,,,0,0,0,0,0,0,0,0,0,0,0,0,0,0,0,0,0,0,0,0,0,0,0,0,0,0,0,0,0,0,0,0,0,0,0,0,0,0,0,0,0,0,0,0,0,0,0,0,0
360,https://www.sports-reference.com/cfb/players/tedarrell-slaton-1.html,11,14,24,38,3.5,1.5,0,0,,0,0,0,,,0,0,0,0,0,0,0,0,0,0,0,0,0,0,0,0,0,0,0,0,0,0,0,0,0,0,0,0,0,0,0,0,0,0,0,0,0,0,0,0,0,0,0,0,0,0,0,0,0,0
361,https://www.sports-reference.com/cfb/players/trystan-slinker-1.html,3,1,1,2,0.0,0.0,0,0,,0,1,0,,,0,0,0,0,0,0,0,0,0,0,0,0,0,0,0,0,0,0,0,0,0,0,0,0,0,0,0,0,0,0,0,0,0,0,0,0,0,0,0,0,0,0,0,0,0,0,0,0,0,0
362,https://www.sports-reference.com/cfb/players/brandon-smith-11.html,7,0,0,0,0.0,0.0,0,0,,0,0,0,,,0,0,0,0,0,0,0,0,0,0,0,0,0,0,0,0,0,0,0,0,0,0,0,0,0,0,0,0,0,0,0,0,0,0,0,0,0,0,0,0,0,0,0,0,7,,2,,,12
363,https://www.sports-reference.com/cfb/players/shaq-smith-1.html,,,,,,,,,,,,,,,,0,0,0,0,0,0,0,0,0,0,0,0,0,0,0,0,0,0,0,0,0,0,0,0,0,0,0,0,0,0,0,0,0,0,0,0,0,0,0,0,0,0,0,0,0,0,0,0,0
364,https://www.sports-reference.com/cfb/players/dante-smith-1.html,,,,,,,,,,,,,,,,0,0,0,0,0,0,0,0,0,0,0,0,0,0,0,0,0,0,0,0,0,0,0,0,0,0,0,0,0,0,0,0,0,0,0,0,0,0,0,0,0,0,0,0,0,0,0,0,0
365,https://www.sports-reference.com/cfb/players/dante-smith-3.html,3,1,2,3,0.0,0.0,0,0,,0,0,0,,,0,0,0,0,0,0,0,0,0,0,0,0,0,0,0,0,0,0,0,0,0,0,0,0,0,0,0,0,0,0,0,0,0,0,0,0,0,0,0,0,0,0,0,0,0,0,0,0,0,0
366,https://www.sports-reference.com/cfb/players/jordan-smith-5.html,8,22,19,41,9.0,4.5,1,36,36.0,0,1,0,,,0,0,0,0,0,0,0,0,0,0,0,0,0,0,0,0,0,0,0,0,0,0,0,0,0,0,0,0,0,0,0,0,0,0,0,0,0,0,0,0,0,0,0,0,0,0,0,0,0,0
367,https://www.sports-reference.com/cfb/players/zach-smith-6.html,9,0,1,1,0.0,0.0,0,0,,0,0,0,,,0,9,147,263,55.9,1947,7.4,6.7,13,10,126.8,9,36,-62,-1.7,0,0,0,,0,36,-62,-1.7,0,0,0,0,0,0,0,0,0,0,0,0,0,0,0,0,0,0,0,0,0,9,,,,,0
368,https://www.sports-reference.com/cfb/players/ihmir-smith-marsette-1.html,7,0,0,0,0.0,0.0,0,0,,0,0,0,,,0,7,0,0,,0,,,0,0,,0,0,0,0,0,0,0,0,0,0,0,0,0,0,0,0,0,0,0,0,0,0,0,0,0,0,0,0,0,0,0,0,0,7,,5,,,30
369,https://www.sports-reference.com/cfb/players/benjamin-st-juste-1.html,5,11,3,14,0.0,0.0,0,0,,0,1,0,,,0,0,0,0,0,0,0,0,0,0,0,0,0,0,0,0,0,0,0,0,0,0,0,0,0,0,0,0,0,0,0,0,0,0,0,0,0,0,0,0,0,0,0,0,0,0,0,0,0,0
370,https://www.sports-reference.com/cfb/players/caden-sterns-1.html,7,30,22,52,1.5,0.0,1,0,0.0,0,3,0,,,0,0,0,0,0,0,0,0,0,0,0,0,0,0,0,0,0,0,0,0,0,0,0,0,0,0,0,0,0,0,0,0,0,0,0,0,0,0,0,0,0,0,0,0,0,0,0,0,0,0
371,https://www.sports-reference.com/cfb/players/jacoby-stevens-1.html,10,30,33,63,6.0,3.0,0,0,,0,4,3,,,1,0,0,0,0,0,0,0,0,0,0,0,0,0,0,0,0,0,0,0,0,0,0,0,0,0,0,0,0,0,0,0,0,0,0,0,0,0,0,0,0,0,0,0,0,0,0,0,0,0
372,https://www.sports-reference.com/cfb/players/rhamondre-stevenson-1.html,6,0,0,0,0.0,0.0,0,0,,0,0,0,,,0,0,0,0,0,0,0,0,0,0,0,6,101,665,6.6,7,18,211,11.7,0,119,876,7.4,7,0,0,0,0,0,0,0,0,0,0,0,0,0,0,0,0,0,0,0,0,6,,7,,,42
373,https://www.sports-reference.com/cfb/players/marquez-stevenson-1.html,5,0,0,0,0.0,0.0,0,0,,0,0,0,,,0,5,0,0,,0,,,0,0,,0,0,0,0,0,0,0,0,0,0,0,0,0,0,0,0,0,0,0,0,0,0,0,0,0,0,0,0,0,0,0,0,0,5,,5,,,30
374,https://www.sports-reference.com/cfb/players/brad-stewart-3.html,10,27,15,42,2.0,1.0,0,0,,0,3,0,,,1,0,0,0,0,0,0,0,0,0,0,0,0,0,0,0,0,0,0,0,0,0,0,0,0,0,0,0,0,0,0,0,0,0,0,0,0,0,0,0,0,0,0,0,10,,,,,0
375,https://www.sports-reference.com/cfb/players/darius-stills-1.html,9,12,13,25,7.5,3.5,1,0,0.0,0,0,0,,,0,0,0,0,0,0,0,0,0,0,0,0,0,0,0,0,0,0,0,0,0,0,0,0,0,0,0,0,0,0,0,0,0,0,0,0,0,0,0,0,0,0,0,0,0,0,0,0,0,0
376,https://www.sports-reference.com/cfb/players/donovan-stiner-1.html,11,32,26,58,2.0,0.0,0,0,,0,1,0,,,0,0,0,0,0,0,0,0,0,0,0,0,0,0,0,0,0,0,0,0,0,0,0,0,0,0,0,0,0,0,0,0,0,0,0,0,0,0,0,0,0,0,0,0,0,0,0,0,0,0
377,https://www.sports-reference.com/cfb/players/eric-stokes-2.html,9,14,6,20,0.0,0.0,4,94,23.5,2,4,0,,,0,0,0,0,0,0,0,0,0,0,0,0,0,0,0,0,0,0,0,0,0,0,0,0,0,0,0,0,0,0,0,0,0,0,0,9,0,0,,0,0,0,,0,9,,2,,,12
378,https://www.sports-reference.com/cfb/players/mason-stokke-1.html,0,0,0,0,0,0,0,0,0,0,0,0,0,0,0,0,0,0,0,0,0,0,0,0,0,7,19,45,2.4,1,8,58,7.3,3,27,103,3.8,4,0,0,0,0,0,0,0,0,0,0,0,0,0,0,0,0,0,0,0,0,7,,4,,,24
379,https://www.sports-reference.com/cfb/players/jack-stoll-1.html,3,0,0,0,0.0,0.0,0,0,,0,0,0,,,0,0,0,0,0,0,0,0,0,0,0,0,0,0,0,0,0,0,0,0,0,0,0,0,0,0,0,0,0,0,0,0,0,0,0,0,0,0,0,0,0,0,0,0,3,,,,,0
380,https://www.sports-reference.com/cfb/players/dillon-stoner-1.html,11,0,0,0,0.0,0.0,0,0,,0,0,0,,,0,11,0,0,,0,,,0,0,,0,0,0,0,0,0,0,0,0,0,0,0,0,0,0,0,0,0,0,0,0,0,0,0,11,15,91,6.1,0,0,0,,0,11,,4,,,24
381,https://www.sports-reference.com/cfb/players/eli-stove-1.html,9,0,1,1,0.0,0.0,0,0,,0,0,0,,,0,0,0,0,0,0,0,0,0,0,0,0,0,0,0,0,0,0,0,0,0,0,0,0,0,0,0,0,0,0,0,0,0,0,0,9,4,30,7.5,0,3,93,31.0,0,9,,3,,,18
382,https://www.sports-reference.com/cfb/players/corey-straughter-1.html,2,3,1,4,0.0,0.0,0,0,,0,1,0,,,0,0,0,0,0,0,0,0,0,0,0,0,0,0,0,0,0,0,0,0,0,0,0,0,0,0,0,0,0,0,0,0,0,0,0,0,0,0,0,0,0,0,0,0,2,,,,,0
383,https://www.sports-reference.com/cfb/players/elijah-sullivan-1.html,8,28,12,40,1.5,0.0,1,4,4.0,0,0,0,,,0,0,0,0,0,0,0,0,0,0,0,0,0,0,0,0,0,0,0,0,0,0,0,0,0,0,0,0,0,0,0,0,0,0,0,0,0,0,0,0,0,0,0,0,0,0,0,0,0,0
384,https://www.sports-reference.com/cfb/players/chazz-surratt-1.html,11,49,42,91,7.5,6.0,1,0,0.0,0,3,1,,,1,11,0,0,,0,,,0,0,,11,0,0,,0,0,0,,0,0,0,,0,0,0,0,0,0,0,0,0,0,0,0,0,0,0,0,0,0,0,0,0,11,,,,,0
385,https://www.sports-reference.com/cfb/players/sage-surratt-1.html,,,,,,,,,,,,,,,,0,0,0,0,0,0,0,0,0,0,0,0,0,0,0,0,0,0,0,0,0,0,0,0,0,0,0,0,0,0,0,0,0,0,,,,,,,,,,,,,,,0
386,https://www.sports-reference.com/cfb/players/patrick-surtain-ii-1.html,13,22,15,37,3.5,0.0,1,25,25.0,1,9,0,,,0,0,0,0,0,0,0,0,0,0,0,0,0,0,0,0,0,0,0,0,0,0,0,0,0,0,0,0,0,0,0,0,0,0,0,0,0,0,0,0,0,0,0,0,13,,1,,,6
387,https://www.sports-reference.com/cfb/players/jovan-swann-1.html,6,2,2,4,0.0,0.0,0,0,,0,1,0,,,0,0,0,0,0,0,0,0,0,0,0,0,0,0,0,0,0,0,0,0,0,0,0,0,0,0,0,0,0,0,0,0,0,0,0,0,0,0,0,0,0,0,0,0,0,0,0,0,0,0
388,https://www.sports-reference.com/cfb/players/tim-tanner-blair-1.html,0,0,0,0,0,0,0,0,0,0,0,0,0,0,0,0,0,0,0,0,0,0,0,0,0,0,0,0,0,0,0,0,0,0,0,0,0,0,0,0,0,0,0,0,0,0,0,0,0,0,0,0,0,0,0,0,0,0,0,0,0,0,0,0
389,https://www.sports-reference.com/cfb/players/keith-taylor-3.html,3,7,2,9,0.0,0.0,0,0,,0,1,0,,,0,0,0,0,0,0,0,0,0,0,0,0,0,0,0,0,0,0,0,0,0,0,0,0,0,0,0,0,0,0,0,0,0,0,0,0,0,0,0,0,0,0,0,0,0,0,0,0,0,0
390,https://www.sports-reference.com/cfb/players/tamorrion-terry-1.html,6,1,1,2,0.0,0.0,0,0,,0,0,0,,,0,0,0,0,0,0,0,0,0,0,0,0,0,0,0,0,0,0,0,0,0,0,0,0,0,0,0,0,0,0,0,0,0,0,0,0,0,0,0,0,0,0,0,0,6,,1,,,6
391,https://www.sports-reference.com/cfb/players/kiondre-thomas-1.html,6,21,4,25,0.0,0.0,0,0,,0,4,0,,,0,0,0,0,0,0,0,0,0,0,0,0,0,0,0,0,0,0,0,0,0,0,0,0,0,0,0,0,0,0,0,0,0,0,0,0,0,0,0,0,0,0,0,0,0,0,0,0,0,0
392,https://www.sports-reference.com/cfb/players/ambry-thomas-1.html,,,,,,,,,,,,,,,,0,0,0,0,0,0,0,0,0,0,0,0,0,0,0,0,0,0,0,0,0,0,0,0,0,0,0,0,0,0,0,0,0,0,0,0,0,0,0,0,0,0,0,,,,,,0
393,https://www.sports-reference.com/cfb/players/zac-thomas-2.html,12,1,0,1,0.0,0.0,0,0,,0,0,0,,,0,12,186,291,63.9,2189,7.5,7.2,20,11,142.2,12,90,312,3.5,2,0,0,,0,90,312,3.5,2,0,0,0,0,0,0,0,0,0,0,0,0,0,0,0,0,0,0,0,0,12,,2,,,12
394,https://www.sports-reference.com/cfb/players/tyree-thompson-1.html,7,19,13,32,1.5,0.0,0,0,,0,1,0,,,0,0,0,0,0,0,0,0,0,0,0,0,0,0,0,0,0,0,0,0,0,0,0,0,0,0,0,0,0,0,0,0,0,0,0,0,0,0,0,0,0,0,0,0,0,0,0,0,0,0
395,https://www.sports-reference.com/cfb/players/kevin-thomson-1.html,0,0,0,0,0,0,0,0,0,0,0,0,0,0,0,0,0,0,0,0,0,0,0,0,0,0,0,0,0,0,0,0,0,0,0,0,0,0,0,0,0,0,0,0,0,0,0,0,0,0,0,0,0,0,0,0,0,0,0,0,0,0,0,0
396,https://www.sports-reference.com/cfb/players/tommy-togiai-1.html,7,12,11,23,4.5,3.0,0,0,,0,2,0,,,1,0,0,0,0,0,0,0,0,0,0,0,0,0,0,0,0,0,0,0,0,0,0,0,0,0,0,0,0,0,0,0,0,0,0,0,0,0,0,0,0,0,0,0,0,0,0,0,0,0
397,https://www.sports-reference.com/cfb/players/jet-toner-1.html,0,0,0,0,0,0,0,0,0,0,0,0,0,0,0,0,0,0,0,0,0,0,0,0,0,0,0,0,0,0,0,0,0,0,0,0,0,0,6,17,18,94.4,7,11,63.6,38,0,0,,0,0,0,0,0,0,0,0,0,6,,,,,38
398,https://www.sports-reference.com/cfb/players/shaka-toney-1.html,8,21,10,31,7.5,5.0,0,0,,0,1,0,,,1,0,0,0,0,0,0,0,0,0,0,0,0,0,0,0,0,0,0,0,0,0,0,0,0,0,0,0,0,0,0,0,0,0,0,0,0,0,0,0,0,0,0,0,0,0,0,0,0,0
399,https://www.sports-reference.com/cfb/players/kadarius-toney-1.html,0,0,0,0,0,0,0,0,0,0,0,0,0,0,0,11,1,2,50.0,12,6.0,6.0,0,0,100.4,0,0,0,0,0,0,0,0,0,0,0,0,0,0,0,0,0,0,0,0,0,0,0,0,0,0,0,0,0,0,0,0,0,11,,12,,,72
400,https://www.sports-reference.com/cfb/players/khyiris-tonga-1.html,11,11,25,36,3.5,3.5,0,0,,0,5,0,,,1,0,0,0,0,0,0,0,0,0,0,11,0,0,,0,0,0,,0,0,0,,0,0,0,0,0,0,0,0,0,0,0,0,0,0,0,0,0,0,0,0,0,11,,,,,0
401,https://www.sports-reference.com/cfb/players/kyle-trask-1.html,12,1,0,1,0.0,0.0,0,0,,0,0,0,,,0,12,301,437,68.9,4283,9.8,10.9,43,8,180.0,12,64,50,0.8,3,0,0,,0,64,50,0.8,3,0,0,0,0,0,0,0,0,0,0,0,0,0,0,0,0,0,0,0,0,12,,3,,,18
402,https://www.sports-reference.com/cfb/players/tommy-tremble-1.html,0,0,0,0,0,0,0,0,0,0,0,0,0,0,0,0,0,0,0,0,0,0,0,0,0,0,0,0,0,0,0,0,0,0,0,0,0,0,0,0,0,0,0,0,0,0,0,0,0,0,0,0,0,0,0,0,0,0,10,,,,,0
403,https://www.sports-reference.com/cfb/players/harry-trotter-1.html,0,0,0,0,0,0,0,0,0,0,0,0,0,0,0,0,0,0,0,0,0,0,0,0,0,9,72,260,3.6,3,8,34,4.3,0,80,294,3.7,3,0,0,0,0,0,0,0,0,0,0,0,0,0,0,0,0,0,0,0,0,9,,3,,,18
404,https://www.sports-reference.com/cfb/players/joe-tryon-1.html,,,,,,,,,,,,,,,,0,0,0,0,0,0,0,0,0,0,0,0,0,0,0,0,0,0,0,0,0,0,0,0,0,0,0,0,0,0,0,0,0,0,0,0,0,0,0,0,0,0,0,0,0,0,0,0,0
405,https://www.sports-reference.com/cfb/players/carl-tucker-1.html,1,0,0,0,0.0,0.0,0,0,,0,0,0,,,0,0,0,0,0,0,0,0,0,0,0,0,0,0,0,0,0,0,0,0,0,0,0,0,0,0,0,0,0,0,0,0,0,0,0,0,0,0,0,0,0,0,0,0,1,,,,,0
406,https://www.sports-reference.com/cfb/players/israel-tucker-1.html,10,1,0,1,0.0,0.0,0,0,,0,0,0,,,0,0,0,0,0,0,0,0,0,0,0,10,149,648,4.3,4,10,59,5.9,0,159,707,4.4,4,0,0,0,0,0,0,0,0,0,0,0,0,0,0,0,0,0,0,0,0,10,,4,,,24
407,https://www.sports-reference.com/cfb/players/ethan-tucky-1.html,10,4,9,13,3.0,2.5,0,0,,0,0,1,,,0,0,0,0,0,0,0,0,0,0,0,0,0,0,0,0,0,0,0,0,0,0,0,0,0,0,0,0,0,0,0,0,0,0,0,10,1,13,13.0,0,0,0,,0,0,0,0,0,0,0
408,https://www.sports-reference.com/cfb/players/jay-tufele-1.html,,,,,,,,,,,,,,,,0,0,0,0,0,0,0,0,0,0,0,0,0,0,0,0,0,0,0,0,0,0,0,0,0,0,0,0,0,0,0,0,0,0,0,0,0,0,0,0,0,0,0,,,,,,0
409,https://www.sports-reference.com/cfb/players/syrus-tuitele-1.html,,,,,,,,,,,,,,,,0,0,0,0,0,0,0,0,0,0,0,0,0,0,0,0,0,0,0,0,0,0,0,0,0,0,0,0,0,0,0,0,0,0,0,0,0,0,0,0,0,0,0,0,0,0,0,0,0
410,https://www.sports-reference.com/cfb/players/payton-turner-1.html,5,17,8,25,10.5,5.0,0,0,,0,0,0,,,1,0,0,0,0,0,0,0,0,0,0,0,0,0,0,0,0,0,0,0,0,0,0,0,0,0,0,0,0,0,0,0,0,0,0,5,0,0,,0,0,0,,0,0,0,0,0,0,0
411,https://www.sports-reference.com/cfb/players/christian-tutt-1.html,9,18,13,31,1.0,0.0,0,0,,0,1,1,,1,0,0,0,0,0,0,0,0,0,0,0,0,0,0,0,0,0,0,0,0,0,0,0,0,0,0,0,0,0,0,0,0,0,0,0,9,3,30,10.0,0,0,0,,0,9,0,1,,,6
412,https://www.sports-reference.com/cfb/players/jaylen-twyman-1.html,,,,,,,,,,,,,,,,0,0,0,0,0,0,0,0,0,0,0,0,0,0,0,0,0,0,0,0,0,0,0,0,0,0,0,0,0,0,0,0,0,0,0,0,0,0,0,0,0,0,0,0,0,0,0,0,0
413,https://www.sports-reference.com/cfb/players/evan-tyler-1.html,4,8,4,12,0.0,0.0,1,0,0.0,0,1,0,,,0,0,0,0,0,0,0,0,0,0,0,0,0,0,0,0,0,0,0,0,0,0,0,0,0,0,0,0,0,0,0,0,0,0,0,0,0,0,0,0,0,0,0,0,0,0,0,0,0,0
414,https://www.sports-reference.com/cfb/players/tyler-vaughns-1.html,6,0,0,0,0.0,0.0,0,0,,0,0,0,,,0,6,0,0,,0,,,0,0,,0,0,0,0,0,0,0,0,0,0,0,0,0,0,0,0,0,0,0,0,0,0,0,0,6,3,13,4.3,0,0,0,,0,6,,3,,,18
415,https://www.sports-reference.com/cfb/players/alijah-vera-tucker-1.html,0,0,0,0,0,0,0,0,0,0,0,0,0,0,0,0,0,0,0,0,0,0,0,0,0,0,0,0,0,0,0,0,0,0,0,0,0,0,0,0,0,0,0,0,0,0,0,0,0,0,0,0,0,0,0,0,0,0,0,0,0,0,0,0
416,https://www.sports-reference.com/cfb/players/gunnar-vogel-1.html,0,0,0,0,0,0,0,0,0,0,0,0,0,0,0,0,0,0,0,0,0,0,0,0,0,0,0,0,0,0,0,0,0,0,0,0,0,0,0,0,0,0,0,0,0,0,0,0,0,0,0,0,0,0,0,0,0,0,0,0,0,0,0,0
417,https://www.sports-reference.com/cfb/players/lamont-wade-1.html,9,18,19,37,0.0,0.0,1,0,0.0,0,2,2,,,0,0,0,0,0,0,0,0,0,0,0,0,0,0,0,0,0,0,0,0,0,0,0,0,0,0,0,0,0,0,0,0,0,0,0,0,0,0,0,0,0,0,0,0,9,,1,,,6
418,https://www.sports-reference.com/cfb/players/shaun-wade-1.html,8,23,11,34,1.0,0.0,2,36,18.0,1,4,0,,,0,0,0,0,0,0,0,0,0,0,0,0,0,0,0,0,0,0,0,0,0,0,0,0,0,0,0,0,0,0,0,0,0,0,0,0,0,0,0,0,0,0,0,0,8,,1,,,6
419,https://www.sports-reference.com/cfb/players/tre-walker-3.html,8,1,0,1,0.0,0.0,0,0,,0,0,0,,,1,8,0,0,,0,,,0,0,,0,0,0,0,0,0,0,0,0,0,0,0,0,0,0,0,0,0,0,0,0,0,0,0,0,0,0,0,0,0,0,0,0,8,,4,,,24
420,https://www.sports-reference.com/cfb/players/tylan-wallace-1.html,10,2,0,2,0.0,0.0,0,0,,0,0,0,,,0,10,0,0,,0,,,0,0,,0,0,0,0,0,0,0,0,0,0,0,0,0,0,0,0,0,0,0,0,0,0,0,0,10,0,0,,0,1,0,0.0,0,10,,6,,,36
421,https://www.sports-reference.com/cfb/players/garret-wallow-1.html,10,50,40,90,9.0,2.0,0,0,,0,1,0,,,3,0,0,0,0,0,0,0,0,0,0,0,0,0,0,0,0,0,0,0,0,0,0,0,0,0,0,0,0,0,0,0,0,0,0,0,0,0,0,0,0,0,0,0,0,0,0,0,0,0
422,https://www.sports-reference.com/cfb/players/ardarius-washington-1.html,9,25,12,37,1.0,0.0,0,0,,0,4,0,,,0,0,0,0,0,0,0,0,0,0,0,0,0,0,0,0,0,0,0,0,0,0,0,0,0,0,0,0,0,0,0,0,0,0,0,0,0,0,0,0,0,0,0,0,0,0,0,0,0,0
423,https://www.sports-reference.com/cfb/players/jamar-watson-1.html,10,25,15,40,10.0,5.0,1,0,0.0,0,0,0,,,2,0,0,0,0,0,0,0,0,0,0,0,0,0,0,0,0,0,0,0,0,0,0,0,0,0,0,0,0,0,0,0,0,0,0,0,0,0,0,0,0,0,0,0,0,0,0,0,0,0
424,https://www.sports-reference.com/cfb/players/rashad-weaver-1.html,9,22,12,34,14.0,7.5,0,0,,0,2,1,,,3,0,0,0,0,0,0,0,0,0,0,0,0,0,0,0,0,0,0,0,0,0,0,0,0,0,0,0,0,0,0,0,0,0,0,0,0,0,0,0,0,0,0,0,0,0,0,0,0,0
425,https://www.sports-reference.com/cfb/players/mark-webb-1.html,7,10,11,21,0.0,0.0,1,13,13.0,0,2,0,,,0,0,0,0,0,0,0,0,0,0,0,0,0,0,0,0,0,0,0,0,0,0,0,0,0,0,0,0,0,0,0,0,0,0,0,0,0,0,0,0,0,0,0,0,0,0,0,0,0,0
426,https://www.sports-reference.com/cfb/players/connor-wedington-1.html,3,0,0,0,0.0,0.0,0,0,,0,0,0,,,0,0,0,0,0,0,0,0,0,0,0,0,0,0,0,0,0,0,0,0,0,0,0,0,0,0,0,0,0,0,0,0,0,0,0,0,0,0,0,0,0,0,0,0,3,,,,,0
427,https://www.sports-reference.com/cfb/players/coby-weiss-1.html,0,0,0,0,0,0,0,0,0,0,0,0,0,0,0,0,0,0,0,0,0,0,0,0,0,0,0,0,0,0,0,0,0,0,0,0,0,0,,,,,,,,,,,,0,0,0,0,0,0,0,0,0,,,,,,0
428,https://www.sports-reference.com/cfb/players/pro-wells-1.html,0,0,0,0,0,0,0,0,0,0,0,0,0,0,0,0,0,0,0,0,0,0,0,0,0,0,0,0,0,0,0,0,0,0,0,0,0,0,0,0,0,0,0,0,0,0,0,0,0,0,0,0,0,0,0,0,0,0,7,,3,,,18
429,https://www.sports-reference.com/cfb/players/pete-werner-1.html,8,28,26,54,2.5,1.0,0,0,,0,1,0,,,2,0,0,0,0,0,0,0,0,0,0,0,0,0,0,0,0,0,0,0,0,0,0,0,0,0,0,0,0,0,0,0,0,0,0,0,0,0,0,0,0,0,0,0,0,0,0,0,0,0
430,https://www.sports-reference.com/cfb/players/devon-wharton-1.html,,,,,,,,,,,,,,,,0,0,0,0,0,0,0,0,0,0,0,0,0,0,0,0,0,0,0,0,0,0,0,0,0,0,0,0,0,0,0,0,0,0,0,0,0,0,0,0,0,0,0,0,0,0,0,0,0
431,https://www.sports-reference.com/cfb/players/jarell-white-1.html,10,44,33,77,8.0,3.0,2,26,13.0,1,2,0,,,1,0,0,0,0,0,0,0,0,0,0,0,0,0,0,0,0,0,0,0,0,0,0,0,0,0,0,0,0,0,0,0,0,0,0,0,0,0,0,0,0,0,0,0,10,,1,,,6
432,https://www.sports-reference.com/cfb/players/brendon-white-1.html,5,20,18,38,0.5,0.0,1,13,13.0,0,1,0,,,1,0,0,0,0,0,0,0,0,0,0,0,0,0,0,0,0,0,0,0,0,0,0,0,0,0,0,0,0,0,0,0,0,0,0,0,0,0,0,0,0,0,0,0,0,0,0,0,0,0
433,https://www.sports-reference.com/cfb/players/brady-white-1.html,11,0,0,0,0.0,0.0,0,0,,0,0,0,,,0,11,254,420,60.5,3380,8.0,8.5,31,10,147.7,11,63,88,1.4,2,1,7,7.0,0,64,95,1.5,2,0,0,0,0,0,0,0,0,0,0,0,0,0,0,0,0,0,0,0,0,11,,2,,,12
434,https://www.sports-reference.com/cfb/players/haydon-whitehead-1.html,8,0,0,0,0.0,0.0,0,0,,0,0,0,,,0,0,0,0,0,0,0,0,0,0,0,0,0,0,0,0,0,0,0,0,0,0,0,0,0,0,0,0,0,0,0,0,0,0,0,0,0,0,0,0,0,0,0,0,0,0,0,0,0,0
435,https://www.sports-reference.com/cfb/players/james-wiggins-1.html,9,25,7,32,1.0,1.0,1,0,0.0,0,6,0,,,1,0,0,0,0,0,0,0,0,0,0,0,0,0,0,0,0,0,0,0,0,0,0,0,0,0,0,0,0,0,0,0,0,0,0,0,0,0,0,0,0,0,0,0,9,,,,,0
436,https://www.sports-reference.com/cfb/players/rachad-wildgoose-1.html,2,6,0,6,2.0,0.0,0,0,,0,1,0,,,0,0,0,0,0,0,0,0,0,0,0,0,0,0,0,0,0,0,0,0,0,0,0,0,0,0,0,0,0,0,0,0,0,0,0,0,0,0,0,0,0,0,0,0,0,0,0,0,0,0
437,https://www.sports-reference.com/cfb/players/drew-wiley-1.html,9,14,11,25,9.0,4.5,0,0,,0,3,1,,,0,0,0,0,0,0,0,0,0,0,0,0,0,0,0,0,0,0,0,0,0,0,0,0,0,0,0,0,0,0,0,0,0,0,0,0,0,0,0,0,0,0,0,0,0,0,0,0,0,0
438,https://www.sports-reference.com/cfb/players/javonte-williams-1.html,11,0,0,0,0.0,0.0,0,0,,0,0,0,,,0,0,0,0,0,0,0,0,0,0,0,11,157,1140,7.3,19,25,305,12.2,3,182,1445,7.9,22,0,0,0,0,0,0,0,0,0,0,0,0,0,0,0,0,0,0,0,0,11,,22,,,132
439,https://www.sports-reference.com/cfb/players/pooka-williams-1.html,4,0,0,0,0.0,0.0,0,0,,0,0,0,,,0,4,0,0,,0,,,0,0,,4,51,196,3.8,2,6,31,5.2,0,57,227,4.0,2,0,0,0,0,0,0,0,0,0,0,0,0,0,0,0,0,0,0,0,0,4,,3,,,18
440,https://www.sports-reference.com/cfb/players/seth-williams-1.html,11,0,0,0,0.0,0.0,0,0,,0,0,0,,,0,0,0,0,0,0,0,0,0,0,0,0,0,0,0,0,0,0,0,0,0,0,0,0,0,0,0,0,0,0,0,0,0,0,0,0,0,0,0,0,0,0,0,0,11,,4,,,24
441,https://www.sports-reference.com/cfb/players/trill-williams-1.html,5,14,9,23,1.0,0.0,1,90,90.0,1,4,0,,,0,0,0,0,0,0,0,0,0,0,0,0,0,0,0,0,0,0,0,0,0,0,0,0,0,0,0,0,0,0,0,0,0,0,0,5,0,0,,0,0,0,,0,5,,1,,,6
442,https://www.sports-reference.com/cfb/players/marlon-williams-5.html,8,0,0,0,0.0,0.0,0,0,,0,0,0,,,0,8,0,0,,0,,,0,0,,0,0,0,0,0,0,0,0,0,0,0,0,0,0,0,0,0,0,0,0,0,0,0,0,0,0,0,0,0,0,0,0,0,8,,10,,,60
443,https://www.sports-reference.com/cfb/players/rodarius-williams-1.html,8,13,5,18,1.0,0.0,0,0,,0,3,0,,,1,0,0,0,0,0,0,0,0,0,0,0,0,0,0,0,0,0,0,0,0,0,0,0,0,0,0,0,0,0,0,0,0,0,0,0,0,0,0,0,0,0,0,0,0,0,0,0,0,0
444,https://www.sports-reference.com/cfb/players/milton-williams-1.html,10,22,23,45,10.0,4.5,0,0,,0,0,1,,,0,0,0,0,0,0,0,0,0,0,0,0,0,0,0,0,0,0,0,0,0,0,0,0,0,0,0,0,0,0,0,0,0,0,0,0,0,0,0,0,0,0,0,0,0,0,0,0,0,0
445,https://www.sports-reference.com/cfb/players/adam-williams-2.html,11,0,0,0,0.0,0.0,0,0,,0,0,0,,,0,11,0,0,,0,,,0,0,,0,0,0,0,0,0,0,0,0,0,0,0,0,0,0,0,0,0,0,0,0,0,0,0,0,0,0,0,0,0,0,0,0,0,0,0,0,0,0
446,https://www.sports-reference.com/cfb/players/carson-williams-2.html,0,0,0,0,0,0,0,0,0,0,0,0,0,0,0,0,0,0,0,0,0,0,0,0,0,0,0,0,0,0,0,0,0,0,0,0,0,0,0,0,0,0,0,0,0,0,0,0,0,0,0,0,0,0,0,0,0,0,0,0,0,0,0,0
447,https://www.sports-reference.com/cfb/players/avery-williams-6.html,7,15,4,19,2.0,0.0,0,0,,0,1,0,,,1,0,0,0,0,0,0,0,0,0,0,0,0,0,0,0,0,0,0,0,0,0,0,0,0,0,0,0,0,0,0,0,0,0,0,7,15,229,15.3,2,19,533,28.1,2,7,,4,,,24
448,https://www.sports-reference.com/cfb/players/zach-wilson-3.html,12,0,0,0,0.0,0.0,0,0,,0,0,0,,,0,12,247,336,73.5,3692,11.0,12.6,33,3,196.4,12,70,254,3.6,10,2,32,16.0,0,72,286,4.0,10,0,0,0,0,0,0,0,0,0,0,0,0,0,0,0,0,0,0,0,0,12,,10,,,60
449,https://www.sports-reference.com/cfb/players/marco-wilson-1.html,8,21,8,29,0.0,0.0,0,0,,0,4,1,,,0,0,0,0,0,0,0,0,0,0,0,0,0,0,0,0,0,0,0,0,0,0,0,0,0,0,0,0,0,0,0,0,0,0,0,0,0,0,0,0,0,0,0,0,0,0,0,0,0,0
450,https://www.sports-reference.com/cfb/players/marvin-wilson-1.html,6,11,6,17,2.0,1.0,0,0,,0,0,0,,,0,0,0,0,0,0,0,0,0,0,0,0,0,0,0,0,0,0,0,0,0,0,0,0,0,0,0,0,0,0,0,0,0,0,0,0,0,0,0,0,0,0,0,0,0,0,0,0,0,0
451,https://www.sports-reference.com/cfb/players/brock-wright-1.html,3,1,0,1,0.0,0.0,0,0,,0,0,0,,,0,0,0,0,0,0,0,0,0,0,0,0,0,0,0,0,0,0,0,0,0,0,0,0,0,0,0,0,0,0,0,0,0,0,0,0,0,0,0,0,0,0,0,0,3,,,,,0
452,https://www.sports-reference.com/cfb/players/nahshon-wright-1.html,6,23,7,30,1.0,1.0,2,0,0.0,0,4,0,,,1,0,0,0,0,0,0,0,0,0,0,0,0,0,0,0,0,0,0,0,0,0,0,0,0,0,0,0,0,0,0,0,0,0,0,0,0,0,0,0,0,0,0,0,0,0,0,0,0,0
453,https://www.sports-reference.com/cfb/players/kenny-yeboah-1.html,7,0,0,0,0.0,0.0,0,0,,0,0,0,,,0,0,0,0,0,0,0,0,0,0,0,0,0,0,0,0,0,0,0,0,0,0,0,0,0,0,0,0,0,0,0,0,0,0,0,0,0,0,0,0,0,0,0,0,7,,6,,,36
454,https://www.sports-reference.com/cfb/players/devonte-young-1.html,6,7,3,10,0.0,0.0,0,0,,0,0,1,,,0,0,0,0,0,0,0,0,0,0,0,0,0,0,0,0,0,0,0,0,0,0,0,0,0,0,0,0,0,0,0,0,0,0,0,0,0,0,0,0,0,0,0,0,0,0,0,0,0,0
455,https://www.sports-reference.com/cfb/players/landon-young-1.html,0,0,0,0,0,0,0,0,0,0,0,0,0,0,0,0,0,0,0,0,0,0,0,0,0,0,0,0,0,0,0,0,0,0,0,0,0,0,0,0,0,0,0,0,0,0,0,0,0,0,0,0,0,0,0,0,0,0,0,0,0,0,0,0
