,name,position,school,height,weight,40yd,vertical,bench,broadjump,3cone,shuttle,draft
0,Trey Adams,OL,Washington,6-8,318,5.60,24.5,24.5,24.5,24.5,,
1,Hakeem Adeniji,OL,Kansas,6-4,302,5.17,34.0,34.0,34.0,34.0,,Cincinnati Bengals / 6th / 180th pick / 2020
2,McTelvin Agim,DL,Arkansas,6-3,309,4.98,,,,,,Denver Broncos / 3rd / 95th pick / 2020
3,Salvon Ahmed,RB,Washington,5-11,197,4.62,34.5,34.5,34.5,34.5,,
4,Brandon Aiyuk,WR,Arizona State,6-0,205,4.50,40.0,40.0,40.0,40.0,,San Francisco 49ers / 1st / 25th pick / 2020
5,Cam Akers,RB,Florida State,5-10,217,4.47,35.5,35.5,35.5,35.5,4.42,Los Angeles Rams / 2nd / 52nd pick / 2020
6,Bradlee Anae,DL,Utah,6-3,257,4.93,31.0,31.0,31.0,31.0,4.43,Dallas Cowboys / 5th / 179th pick / 2020
7,Tremayne Anchrum,OL,Clemson,6-2,314,5.21,24.5,24.5,24.5,24.5,,Los Angeles Rams / 7th / 250th pick / 2020
8,Jet Anderson,RB,TCU,5-10,208,4.61,36.0,36.0,36.0,36.0,4.19,
9,Damon Arnette,CB,Ohio State,6-0,195,4.56,,,,,,Las Vegas Raiders / 1st / 19th pick / 2020
10,Grayland Arnold,CB,Baylor,5-9,186,4.59,33.0,33.0,33.0,33.0,4.30,
11,Devin Asiasi,TE,UCLA,6-3,257,4.73,30.5,30.5,30.5,30.5,,New England Patriots / 3rd / 91st pick / 2020
12,Joe Bachie,LB,Michigan State,6-1,230,4.67,33.5,33.5,33.5,33.5,4.34,
13,Markus Bailey,LB,Purdue,6-0,235,,,,,,,Cincinnati Bengals / 7th / 215th pick / 2020
14,Trajan Bandy,CB,Miami,5-8,180,4.50,,,,,,
15,Ben Bartch,OL,Saint John's (MN),6-6,309,,,,,,,Jacksonville Jaguars / 4th / 116th pick / 2020
16,Tyler Bass,K,Georgia Southern,5-10,185,,,,,,,Buffalo Bills / 6th / 188th pick / 2020
17,Essang Bassey,CB,Wake Forest,5-9,191,4.46,39.5,39.5,39.5,39.5,4.13,
18,Zack Baun,LB,Wisconsin,6-2,238,4.65,32.5,32.5,32.5,32.5,4.31,New Orleans Saints / 3rd / 74th pick / 2020
19,Omar Bayless,WR,Arkansas State,6-1,212,4.62,36.0,36.0,36.0,36.0,4.50,
20,Mekhi Becton,OL,Louisville,6-7,364,5.10,,,,,,New York Jets / 1st / 11th pick / 2020
21,LeVante Bellamy,RB,Western Michigan,5-9,192,4.50,39.5,39.5,39.5,39.5,,
22,Eno Benjamin,RB,Arizona State,5-9,207,4.57,39.0,39.0,39.0,39.0,4.25,Arizona Cardinals / 7th / 222nd pick / 2020
23,Francis Bernard,LB,Utah,6-0,234,4.81,32.5,32.5,32.5,32.5,,
24,Tyler Biadasz,OL,Wisconsin,6-4,314,,,,,,,Dallas Cowboys / 4th / 146th pick / 2020
25,Daniel Bituli,LB,Tennessee,6-2,246,4.84,32.0,32.0,32.0,32.0,,
26,Ross Blacklock,DL,TCU,6-3,290,4.90,29.0,29.0,29.0,29.0,4.67,Houston Texans / 2nd / 40th pick / 2020
27,Julian Blackmon,S,Utah,6-0,187,,,,,,,Indianapolis Colts / 3rd / 85th pick / 2020
28,Rodrigo Blankenship,K,Georgia,6-1,190,,,,,,,
29,Lynn Bowden,WR,Kentucky,5-11,204,,,,,,,Las Vegas Raiders / 3rd / 80th pick / 2020
30,Shaun Bradley,LB,Temple,6-1,235,4.51,32.5,32.5,32.5,32.5,4.24,Philadelphia Eagles / 6th / 196th pick / 2020
31,Ben Bredeson,OL,Michigan,6-5,315,,,,,,,Baltimore Ravens / 4th / 143rd pick / 2020
32,Jacob Breeland,TE,Oregon,6-5,252,,,,,,,
33,Jordyn Brooks,LB,Texas Tech,6-0,240,4.54,,,,,,Seattle Seahawks / 1st / 27th pick / 2020
34,Cameron Brown,LB,Penn State,6-5,233,4.72,35.5,35.5,35.5,35.5,,New York Giants / 6th / 183rd pick / 2020
35,Derrick Brown,DL,Auburn,6-5,326,5.16,27.0,27.0,27.0,27.0,4.79,Carolina Panthers / 1st / 7th pick / 2020
36,Tony Brown,WR,Colorado,6-1,198,4.65,33.5,33.5,33.5,33.5,4.27,
37,Harrison Bryant,TE,Florida Atlantic,6-5,243,4.73,32.5,32.5,32.5,32.5,4.37,Cleveland Browns / 4th / 115th pick / 2020
38,Hunter Bryant,TE,Washington,6-2,248,4.74,32.5,32.5,32.5,32.5,4.46,
39,Kelly Bryant,QB,Missouri,6-3,229,4.69,35.0,35.0,35.0,35.0,4.51,
40,Myles Bryant,CB,Washington,5-8,183,4.62,31.5,31.5,31.5,31.5,4.02,
41,Terrell Burgess,S,Utah,5-11,202,4.46,33.5,33.5,33.5,33.5,,Los Angeles Rams / 3rd / 104th pick / 2020
42,Joe Burrow,QB,LSU,6-3,221,,,,,,,Cincinnati Bengals / 1st / 1st pick / 2020
43,Cohl Cabral,OL,Arizona State,6-5,300,,,,,,,
44,Lawrence Cager,WR,Georgia,6-5,220,,,,,,,
45,Raymond Calais,RB,Louisiana-Lafayette,5-8,188,4.42,37.5,37.5,37.5,37.5,,Tampa Bay Buccaneers / 7th / 245th pick / 2020
46,Marquez Callaway,WR,Tennessee,6-1,205,4.55,38.0,38.0,38.0,38.0,,
47,Shyheim Carter,S,Alabama,5-10,194,,,,,,,
48,Quintez Cephus,WR,Wisconsin,6-1,202,4.73,38.5,38.5,38.5,38.5,4.33,Detroit Lions / 5th / 166th pick / 2020
49,K'Lavon Chaisson,LB,LSU,6-3,254,,,,,,,Jacksonville Jaguars / 1st / 20th pick / 2020
50,Saahdiq Charles,OL,LSU,6-4,321,5.05,,,,,,Washington Redskins / 4th / 108th pick / 2020
51,Joseph Charlton,P,South Carolina,6-4,195,,,,,,,
52,Jeremy Chinn,S,Southern Illinois,6-3,221,4.45,41.0,41.0,41.0,41.0,,Carolina Panthers / 2nd / 64th pick / 2020
53,Cameron Clark,OL,Charlotte,6-4,308,5.29,25.0,25.0,25.0,25.0,,New York Jets / 4th / 129th pick / 2020
54,Nevelle Clarke,CB,UCF,6-1,190,,35.0,35.0,35.0,35.0,4.31,
55,Chase Claypool,WR,Notre Dame,6-4,238,4.42,40.5,40.5,40.5,40.5,,Pittsburgh Steelers / 2nd / 49th pick / 2020
56,Rodney Clemons,S,SMU,6-0,209,4.71,33.5,33.5,33.5,33.5,,
57,Ezra Cleveland,OL,Boise State,6-6,311,4.93,30.0,30.0,30.0,30.0,4.46,Minnesota Vikings / 2nd / 58th pick / 2020
58,Tyrie Cleveland,WR,Florida,6-2,209,4.46,39.5,39.5,39.5,39.5,,Denver Broncos / 7th / 252nd pick / 2020
59,Josiah Coatney,DL,Mississippi,6-3,308,5.21,27.0,27.0,27.0,27.0,4.82,
60,Nick Coe,LB,Auburn,6-5,280,4.89,29.0,29.0,29.0,29.0,,
61,Kendall Coleman,DL,Syracuse,6-3,257,4.95,32.0,32.0,32.0,32.0,4.62,
62,Trystan Colon-Castillo,OL,Missouri,6-3,313,,,,,,,
63,Carter Coughlin,LB,Minnesota,6-3,236,4.57,36.0,36.0,36.0,36.0,,New York Giants / 7th / 218th pick / 2020
64,Isaiah Coulter,WR,Rhode Island,6-2,198,4.45,36.0,36.0,36.0,36.0,4.62,Houston Texans / 5th / 171st pick / 2020
65,Kamren Curl,S,Arkansas,6-1,206,4.60,34.5,34.5,34.5,34.5,,Washington Redskins / 7th / 216th pick / 2020
66,Lloyd Cushenberry,OL,LSU,6-3,312,5.27,,,,,,Denver Broncos / 3rd / 83rd pick / 2020
67,DeeJay Dallas,RB,Miami,5-10,217,4.58,33.5,33.5,33.5,33.5,4.32,Seattle Seahawks / 4th / 144th pick / 2020
68,Darrion Daniels,DL,Nebraska,6-3,311,5.18,27.0,27.0,27.0,27.0,4.93,
69,Cameron Dantzler,CB,Mississippi State,6-2,188,4.64,34.5,34.5,34.5,34.5,,Minnesota Vikings / 3rd / 89th pick / 2020
70,Kevin Davidson,QB,Princeton,6-4,224,5.00,28.0,28.0,28.0,28.0,4.37,
71,Marlon Davidson,DL,Auburn,6-3,303,5.04,,,,,,Atlanta Falcons / 2nd / 47th pick / 2020
72,Ashtyn Davis,S,California,6-1,202,,,,,,,New York Jets / 3rd / 68th pick / 2020
73,Carlos Davis,DL,Nebraska,6-2,313,4.82,,,,,4.52,Pittsburgh Steelers / 7th / 232nd pick / 2020
74,Gabriel Davis,WR,UCF,6-2,216,4.54,35.0,35.0,35.0,35.0,4.59,Buffalo Bills / 4th / 128th pick / 2020
75,Javaris Davis,CB,Auburn,5-8,183,4.39,35.5,35.5,35.5,35.5,,
76,Khalil Davis,DL,Nebraska,6-1,308,4.75,,,,,,Tampa Bay Buccaneers / 6th / 194th pick / 2020
77,Quartney Davis,WR,Texas A&M,6-1,201,4.54,35.5,35.5,35.5,35.5,,
78,Raekwon Davis,DL,Alabama,6-6,311,5.12,28.0,28.0,28.0,28.0,4.86,Miami Dolphins / 2nd / 56th pick / 2020
79,Akeem Davis-Gaither,LB,Appalachian State,6-1,224,,,,,,,Cincinnati Bengals / 4th / 107th pick / 2020
80,Josiah Deguara,TE,Cincinnati,6-2,242,4.72,35.5,35.5,35.5,35.5,4.35,Green Bay Packers / 3rd / 94th pick / 2020
81,Grant Delpit,S,LSU,6-2,213,,,,,,,Cleveland Browns / 2nd / 44th pick / 2020
82,Trevon Diggs,CB,Alabama,6-1,205,,,,,,,Dallas Cowboys / 2nd / 51st pick / 2020
83,AJ Dillon,RB,Boston College,6-0,247,4.53,41.0,41.0,41.0,41.0,,Green Bay Packers / 2nd / 62nd pick / 2020
84,Michael Divinity,LB,LSU,6-2,242,4.85,31.0,31.0,31.0,31.0,,
85,J.K. Dobbins,RB,Ohio State,5-9,209,,,,,,,Baltimore Ravens / 2nd / 55th pick / 2020
86,Rico Dowdle,RB,South Carolina,5-11,213,4.54,38.0,38.0,38.0,38.0,,
87,Jack Driscoll,OL,Auburn,6-5,306,5.02,29.5,29.5,29.5,29.5,,Philadelphia Eagles / 4th / 145th pick / 2020
88,Kyle Dugger,S,Lenoir-Rhyne,6-1,217,4.49,42.0,42.0,42.0,42.0,,New England Patriots / 2nd / 37th pick / 2020
89,Yasir Durant,OL,Missouri,6-6,331,5.52,25.0,25.0,25.0,25.0,,
90,Devin Duvernay,WR,Texas,5-10,200,4.39,35.5,35.5,35.5,35.5,4.20,Baltimore Ravens / 3rd / 92nd pick / 2020
91,Troy Dye,LB,Oregon,6-3,231,,,,,,,Minnesota Vikings / 4th / 132nd pick / 2020
92,Jacob Eason,QB,Washington,6-6,231,4.89,27.5,27.5,27.5,27.5,4.75,Indianapolis Colts / 4th / 122nd pick / 2020
93,Bryan Edwards,WR,South Carolina,6-3,212,,,,,,,Las Vegas Raiders / 3rd / 81st pick / 2020
94,Clyde Edwards-Helaire,RB,LSU,5-7,207,4.60,39.5,39.5,39.5,39.5,,Kansas City Chiefs / 1st / 32nd pick / 2020
95,Jalen Elliott,S,Notre Dame,6-0,205,4.80,34.0,34.0,34.0,34.0,4.30,
96,Jordan Elliott,DL,Missouri,6-4,302,5.02,27.5,27.5,27.5,27.5,4.73,Cleveland Browns / 3rd / 88th pick / 2020
97,A.J. Epenesa,DL,Iowa,6-5,275,5.04,32.5,32.5,32.5,32.5,4.46,Buffalo Bills / 2nd / 54th pick / 2020
98,Darrynton Evans,RB,Appalachian State,5-10,203,4.41,37.0,37.0,37.0,37.0,,Tennessee Titans / 3rd / 93rd pick / 2020
99,Blake Ferguson,LS,LSU,6-3,229,5.07,31.0,31.0,31.0,31.0,4.52,Miami Dolphins / 6th / 185th pick / 2020
100,Chris Finke,WR,Notre Dame,5-9,186,4.57,40.0,40.0,40.0,40.0,,
101,Leki Fotu,DL,Utah,6-5,330,5.15,,,,,,Arizona Cardinals / 4th / 114th pick / 2020
102,Jake Fromm,QB,Georgia,6-2,219,5.01,30.0,30.0,30.0,30.0,4.51,Buffalo Bills / 5th / 167th pick / 2020
103,Aaron Fuller,WR,Washington,5-11,188,4.59,34.0,34.0,34.0,34.0,,
104,Jordan Fuller,S,Ohio State,6-2,203,4.67,35.5,35.5,35.5,35.5,4.27,Los Angeles Rams / 6th / 199th pick / 2020
105,Kristian Fulton,CB,LSU,6-0,197,4.46,35.5,35.5,35.5,35.5,4.36,Tennessee Titans / 2nd / 61st pick / 2020
106,Tipa Galeai,LB,Utah State,6-5,235,,,,,,,
107,Neville Gallimore,DL,Oklahoma,6-2,304,4.79,,,,,5.01,Dallas Cowboys / 3rd / 82nd pick / 2020
108,Antonio Gandy-Golden,WR,Liberty,6-4,223,4.60,36.0,36.0,36.0,36.0,4.55,Washington Redskins / 4th / 142nd pick / 2020
109,Cale Garrett,LB,Missouri,6-2,234,4.92,32.0,32.0,32.0,32.0,4.13,
110,Jonathan Garvin,DL,Miami,6-4,263,4.82,36.0,36.0,36.0,36.0,,Green Bay Packers / 7th / 242nd pick / 2020
111,Antonio Gibson,WR,Memphis,6-0,228,4.39,35.0,35.0,35.0,35.0,,Washington Redskins / 3rd / 66th pick / 2020
112,Alohi Gilman,S,Notre Dame,5-10,201,4.60,32.0,32.0,32.0,32.0,4.08,Los Angeles Chargers / 6th / 186th pick / 2020
113,Trevis Gipson,DL,Tulsa,6-3,261,,,,,,,Chicago Bears / 5th / 155th pick / 2020
114,Jeff Gladney,CB,TCU,5-10,191,4.48,37.5,37.5,37.5,37.5,,Minnesota Vikings / 1st / 31st pick / 2020
115,Anthony Gordon,QB,Washington State,6-2,205,,,,,,,
116,A.J. Green,CB,Oklahoma State,6-1,202,4.62,,,,,,
117,Jonathan Greenard,DL,Florida,6-3,263,4.87,30.5,30.5,30.5,30.5,4.34,Houston Texans / 3rd / 90th pick / 2020
118,Yetur Gross-Matos,DL,Penn State,6-5,266,,34.0,34.0,34.0,34.0,,Carolina Panthers / 2nd / 38th pick / 2020
119,Javelin Guidry,CB,Utah,5-9,191,4.29,,,,,,
120,Stephen Guidry,WR,Mississippi State,6-3,201,4.47,34.0,34.0,34.0,34.0,4.46,
121,Bryce Hall,CB,Virginia,6-1,202,,,,,,,New York Jets / 5th / 158th pick / 2020
122,DaVon Hamilton,DL,Ohio State,6-4,320,5.14,29.5,29.5,29.5,29.5,,Jacksonville Jaguars / 3rd / 73rd pick / 2020
123,LaDarius Hamilton,DL,North Texas,6-2,262,4.89,30.0,30.0,30.0,30.0,4.49,
124,KJ Hamler,WR,Penn State,5-9,178,,,,,,,Denver Broncos / 2nd / 46th pick / 2020
125,Harrison Hand,CB,Temple,5-11,197,4.52,41.0,41.0,41.0,41.0,4.27,Minnesota Vikings / 5th / 169th pick / 2020
126,Jake Hanson,OL,Oregon,6-4,303,5.50,,,,,,Green Bay Packers / 6th / 208th pick / 2020
127,Nick Harris,OL,Washington,6-1,302,5.10,29.5,29.5,29.5,29.5,,Cleveland Browns / 5th / 160th pick / 2020
128,Scoota Harris,LB,Arkansas,6-0,234,4.69,33.0,33.0,33.0,33.0,4.32,
129,Malik Harrison,LB,Ohio State,6-3,247,4.66,36.0,36.0,36.0,36.0,4.32,Baltimore Ravens / 3rd / 98th pick / 2020
130,JaMycal Hasty,RB,Baylor,5-8,205,4.55,39.0,39.0,39.0,39.0,4.03,
131,Jaylinn Hawkins,S,California,6-1,208,,35.5,35.5,35.5,35.5,,Atlanta Falcons / 4th / 134th pick / 2020
132,Charlie Heck,OL,North Carolina,6-8,311,5.16,28.0,28.0,28.0,28.0,4.86,Houston Texans / 4th / 126th pick / 2020
133,C.J. Henderson,CB,Florida,6-1,204,4.39,37.5,37.5,37.5,37.5,,Jacksonville Jaguars / 1st / 9th pick / 2020
134,Matt Hennessy,OL,Temple,6-4,307,5.18,30.0,30.0,30.0,30.0,4.60,Atlanta Falcons / 3rd / 78th pick / 2020
135,Justin Herbert,QB,Oregon,6-6,236,4.68,35.5,35.5,35.5,35.5,4.46,Los Angeles Chargers / 1st / 6th pick / 2020
136,Brian Herrien,RB,Georgia,5-11,209,4.62,38.5,38.5,38.5,38.5,4.40,
137,Justin Herron,OL,Wake Forest,6-4,308,5.26,33.0,33.0,33.0,33.0,4.88,New England Patriots / 6th / 195th pick / 2020
138,Tee Higgins,WR,Clemson,6-4,216,,,,,,,Cincinnati Bengals / 2nd / 33rd pick / 2020
139,Alex Highsmith,DL,Charlotte,6-3,248,4.70,33.0,33.0,33.0,33.0,4.31,Pittsburgh Steelers / 3rd / 102nd pick / 2020
140,John Hightower,WR,Boise State,6-1,189,4.43,38.5,38.5,38.5,38.5,4.21,Philadelphia Eagles / 5th / 168th pick / 2020
141,K.J. Hill,WR,Ohio State,6-0,196,4.60,32.5,32.5,32.5,32.5,,Los Angeles Chargers / 7th / 220th pick / 2020
142,Lavert Hill,CB,Michigan,5-10,190,,,,,,,
143,Trevon Hill,DL,Miami,6-3,248,4.89,28.0,28.0,28.0,28.0,,
144,Isaiah Hodgins,WR,Oregon State,6-4,210,4.61,36.5,36.5,36.5,36.5,4.12,Buffalo Bills / 6th / 207th pick / 2020
145,Sterling Hofrichter,P,Syracuse,5-10,196,,,,,,,Atlanta Falcons / 7th / 228th pick / 2020
146,Darnay Holmes,CB,UCLA,5-10,195,4.48,,,,,,New York Giants / 4th / 110th pick / 2020
147,Brycen Hopkins,TE,Purdue,6-4,245,4.66,33.5,33.5,33.5,33.5,4.28,Los Angeles Rams / 4th / 136th pick / 2020
148,Khaleke Hudson,LB,Michigan,5-11,224,4.56,33.0,33.0,33.0,33.0,,Washington Redskins / 5th / 162nd pick / 2020
149,Robert Hunt,OL,Louisiana-Lafayette,6-5,323,,,,,,,Miami Dolphins / 2nd / 39th pick / 2020
150,Jalen Hurts,QB,Oklahoma,6-1,222,4.59,35.0,35.0,35.0,35.0,,Philadelphia Eagles / 2nd / 53rd pick / 2020
151,Noah Igbinoghene,CB,Auburn,5-10,198,4.48,37.0,37.0,37.0,37.0,,Miami Dolphins / 1st / 30th pick / 2020
152,Brian Cole II,S,Mississippi State,6-2,213,4.52,,,,,,Minnesota Vikings / 7th / 249th pick / 2020
153,Rashard Lawrence II,DL,LSU,6-2,308,5.07,,,,,,Arizona Cardinals / 4th / 131st pick / 2020
154,Reggie Robinson II,CB,Tulsa,6-1,205,4.44,36.0,36.0,36.0,36.0,4.18,Dallas Cowboys / 4th / 123rd pick / 2020
155,Henry Ruggs III,WR,Alabama,5-11,188,4.27,42.0,42.0,42.0,42.0,,Las Vegas Raiders / 1st / 12th pick / 2020
156,Keith Ismael,OL,San Diego State,6-3,309,5.34,32.0,32.0,32.0,32.0,4.65,Washington Redskins / 5th / 156th pick / 2020
157,Cordel Iwuagwu,OL,TCU,6-3,309,5.22,27.0,27.0,27.0,27.0,4.87,
158,Austin Jackson,OL,USC,6-5,322,5.07,31.0,31.0,31.0,31.0,,Miami Dolphins / 1st / 18th pick / 2020
159,Dane Jackson,CB,Pittsburgh,6-0,187,4.57,35.0,35.0,35.0,35.0,4.27,Buffalo Bills / 7th / 239th pick / 2020
160,Jonah Jackson,OL,Ohio State,6-3,306,5.23,26.0,26.0,26.0,26.0,5.02,Detroit Lions / 3rd / 75th pick / 2020
161,Lamar Jackson,CB,Nebraska,6-2,208,4.58,36.5,36.5,36.5,36.5,,
162,Trishton Jackson,WR,Syracuse,6-1,197,4.50,36.0,36.0,36.0,36.0,,
163,Justin Jefferson,WR,LSU,6-1,202,4.43,37.5,37.5,37.5,37.5,,Minnesota Vikings / 1st / 22nd pick / 2020
164,Van Jefferson,WR,Florida,6-1,200,,,,,,,Los Angeles Rams / 2nd / 57th pick / 2020
165,Anfernee Jennings,LB,Alabama,6-2,256,,,,,,,New England Patriots / 3rd / 87th pick / 2020
166,Jauan Jennings,WR,Tennessee,6-3,215,4.72,29.0,29.0,29.0,29.0,,San Francisco 49ers / 7th / 217th pick / 2020
167,Jerry Jeudy,WR,Alabama,6-1,193,4.45,35.0,35.0,35.0,35.0,4.53,Denver Broncos / 1st / 15th pick / 2020
168,Collin Johnson,WR,Texas,6-6,222,,,,,,,Jacksonville Jaguars / 5th / 165th pick / 2020
169,Jaylon Johnson,CB,Utah,6-0,193,4.50,36.5,36.5,36.5,36.5,4.13,Chicago Bears / 2nd / 50th pick / 2020
170,Juwan Johnson,WR,Oregon,6-4,230,4.58,33.0,33.0,33.0,33.0,4.37,
171,Tyler Johnson,WR,Minnesota,6-1,206,,,,,,,Tampa Bay Buccaneers / 5th / 161st pick / 2020
172,Clay Johnston,LB,Baylor,6-1,227,,,,,,,Los Angeles Rams / 7th / 234th pick / 2020
173,Benito Jones,DL,Mississippi,6-1,316,5.26,26.5,26.5,26.5,26.5,5.27,
174,Brandon Jones,S,Texas,5-11,198,,,,,,,Miami Dolphins / 3rd / 70th pick / 2020
175,Joshua Jones,OL,Houston,6-5,319,5.27,28.5,28.5,28.5,28.5,,Arizona Cardinals / 3rd / 72nd pick / 2020
176,Tony Jones,RB,Notre Dame,5-10,220,4.68,32.5,32.5,32.5,32.5,4.21,
177,Antoine Brooks Jr.,S,Maryland,5-11,220,4.64,34.5,34.5,34.5,34.5,,Pittsburgh Steelers / 6th / 198th pick / 2020
178,Willie Gay Jr.,LB,Mississippi State,6-1,243,4.46,39.5,39.5,39.5,39.5,4.30,Kansas City Chiefs / 2nd / 63rd pick / 2020
179,Laviska Shenault Jr.,WR,Colorado,6-1,227,4.58,,,,,,Jacksonville Jaguars / 2nd / 42nd pick / 2020
180,Antoine Winfield Jr.,S,Minnesota,5-9,203,4.45,36.0,36.0,36.0,36.0,,Tampa Bay Buccaneers / 2nd / 45th pick / 2020
181,Azur Kamara,LB,Kansas,6-3,245,4.59,28.0,28.0,28.0,28.0,4.46,
182,Khalid Kareem,DL,Notre Dame,6-4,268,,,,,,,Cincinnati Bengals / 5th / 147th pick / 2020
183,Dalton Keene,TE,Virginia Tech,6-4,253,4.71,34.0,34.0,34.0,34.0,4.19,New England Patriots / 3rd / 101st pick / 2020
184,Joshua Kelley,RB,UCLA,5-11,212,4.49,31.0,31.0,31.0,31.0,4.28,Los Angeles Chargers / 4th / 112th pick / 2020
185,BoPete Keyes,CB,Tulane,6-1,202,,36.0,36.0,36.0,36.0,,Kansas City Chiefs / 7th / 237th pick / 2020
186,Solomon Kindley,OL,Georgia,6-3,337,,,,,,,Miami Dolphins / 4th / 111th pick / 2020
187,Javon Kinlaw,DL,South Carolina,6-5,324,,,,,,,San Francisco 49ers / 1st / 14th pick / 2020
188,Cole Kmet,TE,Notre Dame,6-6,262,4.70,37.0,37.0,37.0,37.0,4.41,Chicago Bears / 2nd / 43rd pick / 2020
189,CeeDee Lamb,WR,Oklahoma,6-2,198,4.50,34.5,34.5,34.5,34.5,,Dallas Cowboys / 1st / 17th pick / 2020
190,Javon Leake,RB,Maryland,6-0,215,4.65,34.0,34.0,34.0,34.0,,
191,Benny LeMay,RB,Charlotte,5-8,221,4.75,28.5,28.5,28.5,28.5,,
192,Shane Lemieux,OL,Oregon,6-4,310,5.11,25.5,25.5,25.5,25.5,4.90,New York Giants / 5th / 150th pick / 2020
193,Brian Lewerke,QB,Michigan State,6-2,213,4.95,31.0,31.0,31.0,31.0,4.40,
194,Damien Lewis,OL,LSU,6-2,327,5.24,30.0,30.0,30.0,30.0,,Seattle Seahawks / 3rd / 69th pick / 2020
195,Terrell Lewis,LB,Alabama,6-5,262,,37.0,37.0,37.0,37.0,,Los Angeles Rams / 3rd / 84th pick / 2020
196,Kalija Lipscomb,WR,Vanderbilt,6-0,207,4.57,32.0,32.0,32.0,32.0,,
197,Jordan Love,QB,Utah State,6-4,224,4.74,35.5,35.5,35.5,35.5,4.52,Green Bay Packers / 1st / 26th pick / 2020
198,Jake Luton,QB,Oregon State,6-6,224,,,,,,,Jacksonville Jaguars / 6th / 189th pick / 2020
199,James Lynch,DL,Baylor,6-4,289,5.01,29.0,29.0,29.0,29.0,4.39,Minnesota Vikings / 4th / 130th pick / 2020
200,Austin Mack,WR,Ohio State,6-1,208,4.59,31.5,31.5,31.5,31.5,4.42,
201,Jordan Mack,LB,Virginia,6-3,241,,,,,,,
202,Justin Madubuike,DL,Texas A&M,6-3,293,4.83,,,,,,Baltimore Ravens / 3rd / 71st pick / 2020
203,Braden Mann,P,Texas A&M,5-11,198,4.83,31.0,31.0,31.0,31.0,4.13,New York Jets / 6th / 191st pick / 2020
204,Kamal Martin,LB,Minnesota,6-3,240,,,,,,,Green Bay Packers / 5th / 175th pick / 2020
205,Cole McDonald,QB,Hawaii,6-3,215,4.58,36.0,36.0,36.0,36.0,4.52,Tennessee Titans / 7th / 224th pick / 2020
206,Anthony McFarland,RB,Maryland,5-8,208,4.44,29.5,29.5,29.5,29.5,,Pittsburgh Steelers / 4th / 124th pick / 2020
207,Sean McKeon,TE,Michigan,6-5,242,,,,,,,
208,Xavier McKinney,S,Alabama,6-0,201,4.63,36.0,36.0,36.0,36.0,,New York Giants / 2nd / 36th pick / 2020
209,Colton McKivitz,OL,West Virginia,6-6,306,5.35,26.0,26.0,26.0,26.0,5.00,San Francisco 49ers / 5th / 153rd pick / 2020
210,Josh Metellus,S,Michigan,5-11,209,4.55,36.5,36.5,36.5,36.5,4.40,Minnesota Vikings / 6th / 205th pick / 2020
211,Chris Miller,S,Baylor,5-11,190,4.61,35.5,35.5,35.5,35.5,4.12,
212,Denzel Mims,WR,Baylor,6-3,207,4.38,38.5,38.5,38.5,38.5,4.43,New York Jets / 2nd / 59th pick / 2020
213,John Molchon,OL,Boise State,6-5,309,5.13,34.0,34.0,34.0,34.0,4.73,
214,JJ Molson,K,UCLA,5-11,182,,,,,,,
215,Steven Montez,QB,Colorado,6-4,231,4.68,33.0,33.0,33.0,33.0,4.43,
216,Darnell Mooney,WR,Tulane,5-10,176,4.38,37.0,37.0,37.0,37.0,,Chicago Bears / 5th / 173rd pick / 2020
217,James Morgan,QB,Florida International,6-4,229,4.89,29.0,29.0,29.0,29.0,4.64,New York Jets / 4th / 125th pick / 2020
218,Thaddeus Moss,TE,LSU,6-2,250,,,,,,,
219,Zack Moss,RB,Utah,5-9,223,4.65,33.0,33.0,33.0,33.0,4.37,Buffalo Bills / 3rd / 86th pick / 2020
220,Larrell Murchison,DL,North Carolina State,6-2,297,5.05,29.0,29.0,29.0,29.0,4.51,Tennessee Titans / 5th / 174th pick / 2020
221,Kyle Murphy,OL,Rhode Island,6-3,316,5.30,28.0,28.0,28.0,28.0,4.68,
222,Kenneth Murray,LB,Oklahoma,6-2,241,4.52,38.0,38.0,38.0,38.0,,Los Angeles Chargers / 1st / 23rd pick / 2020
223,Tanner Muse,S,Clemson,6-2,227,4.41,34.5,34.5,34.5,34.5,,Las Vegas Raiders / 3rd / 100th pick / 2020
224,Netane Muti,OL,Fresno State,6-3,315,,,,,,,Denver Broncos / 6th / 181st pick / 2020
225,Lucas Niang,OL,TCU,6-6,315,,,,,,,Kansas City Chiefs / 3rd / 96th pick / 2020
226,C.J. O'Grady,TE,Arkansas,6-4,253,4.81,34.0,34.0,34.0,34.0,4.34,
227,Michael Ojemudia,CB,Iowa,6-1,200,4.45,36.0,36.0,36.0,36.0,4.21,Denver Broncos / 3rd / 77th pick / 2020
228,Jeff Okudah,CB,Ohio State,6-1,205,4.48,41.0,41.0,41.0,41.0,,Detroit Lions / 1st / 3rd pick / 2020
229,Julian Okwara,DL,Notre Dame,6-4,252,,,,,,,Detroit Lions / 3rd / 67th pick / 2020
230,Albert Okwuegbunam,TE,Missouri,6-5,258,4.49,,,,,,Denver Broncos / 4th / 118th pick / 2020
231,Sewo Olonilua,RB,TCU,6-3,232,4.66,36.0,36.0,36.0,36.0,4.28,
232,Dante Olson,LB,Montana,6-2,237,4.88,42.0,42.0,42.0,42.0,4.32,
233,Mike Onwenu,OL,Michigan,6-3,344,,,,,,,New England Patriots / 6th / 182nd pick / 2020
234,K.J. Osborn,WR,Miami,5-11,203,4.48,37.5,37.5,37.5,37.5,4.35,Minnesota Vikings / 5th / 176th pick / 2020
235,Aaron Parker,WR,Rhode Island,6-2,209,4.57,26.5,26.5,26.5,26.5,4.23,
236,Colby Parkinson,TE,Stanford,6-7,252,4.77,32.5,32.5,32.5,32.5,4.46,Seattle Seahawks / 4th / 133rd pick / 2020
237,Dezmon Patmon,WR,Washington State,6-4,225,4.48,36.0,36.0,36.0,36.0,4.38,Indianapolis Colts / 6th / 212th pick / 2020
238,Shea Patterson,QB,Michigan,6-1,212,4.71,31.0,31.0,31.0,31.0,4.50,
239,Matt Peart,OL,Connecticut,6-7,318,5.06,30.0,30.0,30.0,30.0,4.92,New York Giants / 3rd / 99th pick / 2020
240,Alex Pechin,P,Bucknell,6-1,213,4.69,34.0,34.0,34.0,34.0,,
241,John Penisini,DL,Utah,6-1,318,,25.5,25.5,25.5,25.5,4.93,Detroit Lions / 6th / 197th pick / 2020
242,Donovan Peoples-Jones,WR,Michigan,6-2,212,4.48,44.5,44.5,44.5,44.5,,Cleveland Browns / 6th / 187th pick / 2020
243,La'Mical Perine,RB,Florida,5-11,216,4.62,35.0,35.0,35.0,35.0,4.31,New York Jets / 4th / 120th pick / 2020
244,Malcolm Perry,WR,Navy,5-9,186,4.63,36.0,36.0,36.0,36.0,4.31,Miami Dolphins / 7th / 246th pick / 2020
245,Jacob Phillips,LB,LSU,6-3,229,4.66,39.0,39.0,39.0,39.0,4.33,Cleveland Browns / 3rd / 97th pick / 2020
246,Scottie Phillips,RB,Mississippi,5-8,209,4.56,30.0,30.0,30.0,30.0,4.53,
247,Tyre Phillips,OL,Mississippi State,6-5,331,5.37,25.0,25.0,25.0,25.0,5.11,Baltimore Ravens / 3rd / 106th pick / 2020
248,James Pierre,CB,Florida Atlantic,6-0,183,4.59,33.5,33.5,33.5,33.5,,
249,Michael Pinckney,LB,Miami,5-11,235,,,,,,,
250,Jared Pinkney,TE,Vanderbilt,6-4,257,4.96,,,,,,
251,Danny Pinter,OL,Ball State,6-4,306,4.91,29.5,29.5,29.5,29.5,4.62,Indianapolis Colts / 5th / 149th pick / 2020
252,Michael Pittman,WR,USC,6-4,223,4.52,36.5,36.5,36.5,36.5,4.14,Indianapolis Colts / 2nd / 34th pick / 2020
253,Troy Pride,CB,Notre Dame,5-11,193,4.40,35.5,35.5,35.5,35.5,4.26,Carolina Panthers / 4th / 113th pick / 2020
254,James Proche,WR,SMU,5-11,201,,34.5,34.5,34.5,34.5,4.40,Baltimore Ravens / 6th / 201st pick / 2020
255,Shaquille Quarterman,LB,Miami,6-0,234,4.74,31.0,31.0,31.0,31.0,,Jacksonville Jaguars / 4th / 140th pick / 2020
256,Patrick Queen,LB,LSU,6-0,229,4.50,35.0,35.0,35.0,35.0,,Baltimore Ravens / 1st / 28th pick / 2020
257,Jalen Reagor,WR,TCU,5-11,206,4.47,42.0,42.0,42.0,42.0,4.46,Philadelphia Eagles / 1st / 21st pick / 2020
258,J.R. Reed,S,Georgia,6-1,202,4.54,34.0,34.0,34.0,34.0,,
259,Joe Reed,WR,Virginia,6-0,224,4.47,38.0,38.0,38.0,38.0,,Los Angeles Chargers / 5th / 151st pick / 2020
260,John Reid,CB,Penn State,5-10,187,4.49,36.5,36.5,36.5,36.5,3.97,Houston Texans / 4th / 141st pick / 2020
261,Chauncey Rivers,DL,Mississippi State,6-2,262,4.97,30.5,30.5,30.5,30.5,4.70,
262,Malcolm Roach,DL,Texas,6-2,297,4.84,30.0,30.0,30.0,30.0,,
263,Amik Robertson,CB,Louisiana Tech,5-8,187,,,,,,,Las Vegas Raiders / 4th / 139th pick / 2020
264,Alton Robinson,DL,Syracuse,6-3,264,4.69,35.5,35.5,35.5,35.5,4.32,Seattle Seahawks / 5th / 148th pick / 2020
265,James Robinson,RB,Illinois State,5-9,219,4.64,40.0,40.0,40.0,40.0,4.19,
266,Kendrick Rogers,WR,Texas A&M,6-4,208,4.51,35.5,35.5,35.5,35.5,4.48,
267,Cesar Ruiz,OL,Michigan,6-3,307,5.08,33.0,33.0,33.0,33.0,4.64,New Orleans Saints / 1st / 24th pick / 2020
268,Jon Runyan,OL,Michigan,6-4,306,5.08,30.5,30.5,30.5,30.5,4.69,Green Bay Packers / 6th / 192nd pick / 2020
269,Chapelle Russell,LB,Temple,6-2,236,4.69,35.0,35.0,35.0,35.0,4.41,Tampa Bay Buccaneers / 7th / 241st pick / 2020
270,Stanford Samuels,CB,Florida State,6-1,187,4.65,,,,,,
271,Josiah Scott,CB,Michigan State,5-9,185,4.42,,,,,,Jacksonville Jaguars / 4th / 137th pick / 2020
272,Qaadir Sheppard,DL,Mississippi,6-3,261,4.83,31.5,31.5,31.5,31.5,,
273,Isaiah Simmons,LB,Clemson,6-4,238,4.39,39.0,39.0,39.0,39.0,,Arizona Cardinals / 1st / 8th pick / 2020
274,John Simpson,OL,Clemson,6-4,321,5.24,30.0,30.0,30.0,30.0,4.87,Las Vegas Raiders / 4th / 109th pick / 2020
275,Arryn Siposs,P,Auburn,6-2,213,5.09,,,,,,
276,James Smith-Williams,DL,North Carolina State,6-4,265,4.60,32.0,32.0,32.0,32.0,4.52,Washington Redskins / 7th / 229th pick / 2020
277,L'Jarius Sneed,S,Louisiana Tech,6-0,192,4.37,41.0,41.0,41.0,41.0,,Kansas City Chiefs / 4th / 138th pick / 2020
278,Nate Stanley,QB,Iowa,6-4,235,4.81,28.5,28.5,28.5,28.5,4.48,Minnesota Vikings / 7th / 244th pick / 2020
279,Terence Steele,OL,Texas Tech,6-6,312,5.03,27.5,27.5,27.5,27.5,5.08,
280,Logan Stenberg,OL,Kentucky,6-6,317,5.30,26.0,26.0,26.0,26.0,4.83,Detroit Lions / 4th / 121st pick / 2020
281,Simon Stepaniak,OL,Indiana,6-4,313,,,,,,,Green Bay Packers / 6th / 209th pick / 2020
282,Darrell Stewart,WR,Michigan State,6-0,212,,35.0,35.0,35.0,35.0,,
283,Geno Stone,S,Iowa,5-10,207,4.62,33.5,33.5,33.5,33.5,,Baltimore Ravens / 7th / 219th pick / 2020
284,Justin Strnad,LB,Wake Forest,6-3,238,4.74,29.0,29.0,29.0,29.0,4.49,Denver Broncos / 5th / 178th pick / 2020
285,Jason Strowbridge,DL,North Carolina,6-4,275,4.89,31.0,31.0,31.0,31.0,4.37,Miami Dolphins / 5th / 154th pick / 2020
286,Stephen Sullivan,TE,LSU,6-5,248,4.66,36.5,36.5,36.5,36.5,4.62,Seattle Seahawks / 7th / 251st pick / 2020
287,Freddie Swain,WR,Florida,6-0,197,4.46,36.5,36.5,36.5,36.5,4.26,Seattle Seahawks / 6th / 214th pick / 2020
288,D'Andre Swift,RB,Georgia,5-8,212,4.48,35.5,35.5,35.5,35.5,,Detroit Lions / 2nd / 35th pick / 2020
289,Tua Tagovailoa,QB,Alabama,6-0,217,,,,,,,Miami Dolphins / 1st / 5th pick / 2020
290,Charlie Taumoepeau,TE,Portland State,6-2,240,4.75,36.5,36.5,36.5,36.5,4.27,
291,Alex Taylor,OL,South Carolina State,6-8,308,5.09,25.0,25.0,25.0,25.0,4.79,
292,Darrell Taylor,LB,Tennessee,6-4,267,,,,,,,Seattle Seahawks / 2nd / 48th pick / 2020
293,Davion Taylor,LB,Colorado,6-0,228,4.49,35.0,35.0,35.0,35.0,4.26,Philadelphia Eagles / 3rd / 103rd pick / 2020
294,J.J. Taylor,RB,Arizona,5-5,185,4.61,34.5,34.5,34.5,34.5,4.15,
295,Jonathan Taylor,RB,Wisconsin,5-10,226,4.39,36.0,36.0,36.0,36.0,4.24,Indianapolis Colts / 2nd / 41st pick / 2020
296,Patrick Taylor,RB,Memphis,6-1,217,4.57,34.0,34.0,34.0,34.0,4.34,
297,A.J. Terrell,CB,Clemson,6-1,195,4.42,34.5,34.5,34.5,34.5,,Atlanta Falcons / 1st / 16th pick / 2020
298,Andrew Thomas,OL,Georgia,6-5,315,5.22,30.5,30.5,30.5,30.5,4.66,New York Giants / 1st / 4th pick / 2020
299,Daniel Thomas,S,Auburn,5-10,215,4.51,37.0,37.0,37.0,37.0,,Jacksonville Jaguars / 5th / 157th pick / 2020
300,Jeff Thomas,WR,Miami,5-9,170,4.45,36.5,36.5,36.5,36.5,,
301,Stantley Thomas-Oliver,CB,Florida International,6-0,192,4.48,34.0,34.0,34.0,34.0,,Carolina Panthers / 7th / 221st pick / 2020
302,Calvin Throckmorton,OL,Oregon,6-5,317,5.57,27.0,27.0,27.0,27.0,4.98,
303,Casey Toohill,LB,Stanford,6-4,250,4.62,39.0,39.0,39.0,39.0,4.21,Philadelphia Eagles / 7th / 233rd pick / 2020
304,Tommy Townsend,P,Florida,6-1,191,4.75,,,,,,
305,Adam Trautman,TE,Dayton,6-5,255,4.80,34.5,34.5,34.5,34.5,4.27,New Orleans Saints / 3rd / 105th pick / 2020
306,Michael Turk,P,Arizona State,6-0,226,4.79,34.5,34.5,34.5,34.5,4.72,
307,Derrek Tuszka,DL,North Dakota State,6-4,251,4.79,33.5,33.5,33.5,33.5,4.34,Denver Broncos / 7th / 254th pick / 2020
308,Josh Uche,LB,Michigan,6-1,245,,,,,,,New England Patriots / 2nd / 60th pick / 2020
309,Ke'Shawn Vaughn,RB,Vanderbilt,5-10,214,4.51,32.0,32.0,32.0,32.0,,Tampa Bay Buccaneers / 3rd / 76th pick / 2020
310,Ben Victor,WR,Ohio State,6-4,198,4.60,35.0,35.0,35.0,35.0,,
311,Kindle Vildor,CB,Georgia Southern,5-10,191,4.44,39.5,39.5,39.5,39.5,4.28,Chicago Bears / 5th / 163rd pick / 2020
312,Mykal Walker,LB,Fresno State,6-3,230,4.65,33.0,33.0,33.0,33.0,4.25,Atlanta Falcons / 4th / 119th pick / 2020
313,K'Von Wallace,S,Clemson,5-11,206,4.53,38.0,38.0,38.0,38.0,4.15,Philadelphia Eagles / 4th / 127th pick / 2020
314,Prince Tega Wanogho,OL,Auburn,6-5,308,,,,,,,Philadelphia Eagles / 6th / 210th pick / 2020
315,Mike Warren,RB,Cincinnati,5-9,226,,,,,,,
316,Broderick Washington,DL,Texas Tech,6-2,305,,,,,,,Baltimore Ravens / 5th / 170th pick / 2020
317,Quez Watkins,WR,Southern Miss,6-0,185,4.35,36.5,36.5,36.5,36.5,4.36,Philadelphia Eagles / 6th / 200th pick / 2020
318,Curtis Weaver,LB,Boise State,6-2,265,,32.5,32.5,32.5,32.5,4.27,Miami Dolphins / 5th / 164th pick / 2020
319,Evan Weaver,LB,California,6-2,237,4.76,32.0,32.0,32.0,32.0,4.21,Arizona Cardinals / 6th / 202nd pick / 2020
320,Cody White,WR,Michigan State,6-3,217,4.66,35.5,35.5,35.5,35.5,4.52,
321,Mitchell Wilcox,TE,South Florida,6-3,247,4.88,31.0,31.0,31.0,31.0,4.43,
322,Kenny Willekes,DL,Michigan State,6-3,264,4.87,32.5,32.5,32.5,32.5,,Minnesota Vikings / 7th / 225th pick / 2020
323,Darryl Williams,OL,Mississippi State,6-2,304,5.23,25.5,25.5,25.5,25.5,4.76,
324,Raequan Williams,DL,Michigan State,6-4,308,5.04,25.5,25.5,25.5,25.5,4.78,
325,Jedrick Wills,OL,Alabama,6-4,312,5.05,34.5,34.5,34.5,34.5,4.84,Cleveland Browns / 1st / 10th pick / 2020
326,Isaiah Wilson,OL,Georgia,6-6,350,5.32,29.0,29.0,29.0,29.0,5.07,Tennessee Titans / 1st / 29th pick / 2020
327,Logan Wilson,LB,Wyoming,6-2,241,4.63,32.0,32.0,32.0,32.0,4.27,Cincinnati Bengals / 3rd / 65th pick / 2020
328,Rob Windsor,DL,Penn State,6-4,290,4.90,28.5,28.5,28.5,28.5,4.44,Indianapolis Colts / 6th / 193rd pick / 2020
329,Tristan Wirfs,OL,Iowa,6-5,320,4.85,36.5,36.5,36.5,36.5,4.68,Tampa Bay Buccaneers / 1st / 13th pick / 2020
330,Steven Wirtel,LS,Iowa State,6-4,235,4.76,26.0,26.0,26.0,26.0,4.28,
331,Charlie Woerner,TE,Georgia,6-5,244,4.78,34.5,34.5,34.5,34.5,4.46,San Francisco 49ers / 6th / 190th pick / 2020
332,D.J. Wonnum,DL,South Carolina,6-5,258,4.73,34.5,34.5,34.5,34.5,4.44,Minnesota Vikings / 4th / 117th pick / 2020
333,Dom Wood-Anderson,TE,Tennessee,6-4,261,4.92,35.0,35.0,35.0,35.0,,
334,David Woodward,LB,Utah State,6-2,230,4.79,33.5,33.5,33.5,33.5,4.37,
335,Chase Young,DL,Ohio State,6-5,264,,,,,,,Washington Redskins / 1st / 2nd pick / 2020
336,Jabari Zuniga,DL,Florida,6-3,264,4.64,33.0,33.0,33.0,33.0,,New York Jets / 3rd / 79th pick / 2020
